category,title,slug,url,status,viewmedica,hub_title,note
Conditions,Bursitis of the Hip (Trochanteric Bursitis),bursitis-of-the-hip-trochanteric-bursitis,https://painmgmtgroup.com/pain-education/bursitis-of-the-hip-trochanteric-bursitis/,200,ondemand.viewmedica.com/7704/open/A_53e76138,Bursitis Of The Hip (Trochanteric Bursitis),
Conditions,Cervical Radiculopathy,cervical-radiculopathy,https://painmgmtgroup.com/pain-education/cervical-radiculopathy/,200,ondemand.viewmedica.com/7704/open/A_26987084,Cervical Radiculopathy,
Conditions,Complex Regional Pain Syndrome (CRPS),complex-regional-pain-syndrome-crps,https://painmgmtgroup.com/pain-education/complex-regional-pain-syndrome-crps/,200,ondemand.viewmedica.com/7704/open/A_39a3df88,Complex Regional Pain Syndrome (CRPS),
Conditions,Post-Laminectomy Syndrome,post-laminectomy-syndrome,https://painmgmtgroup.com/pain-education/post-laminectomy-syndrome/,200,,Post-Laminectomy Syndrome,
Conditions,Spinal Stenosis,spinal-stenosis,https://painmgmtgroup.com/pain-education/spinal-stenosis/,200,ondemand.viewmedica.com/7704/open/A_f28e188b,Spinal Stenosis,
Conditions,Spondylosis,spondylosis,https://painmgmtgroup.com/pain-education/spondylosis/,200,,Spondylosis,
Conditions,Lumbar Radiculopathy (Sciatica),lumbar-radiculopathy-sciatica,https://painmgmtgroup.com/pain-education/lumbar-radiculopathy-sciatica/,200,ondemand.viewmedica.com/7704/open/A_59d770a7,Lumbar Radiculopathy (Sciatica),
Procedures,Basivertebral Nerve Ablation (BVN),basivertebral-nerve-ablation-bvn,https://painmgmtgroup.com/pain-education/basivertebral-nerve-ablation-bvn/,200,ondemand.viewmedica.com/7704/open/A_d5a72b18,Basivertebral Nerve Ablation (BVN),
Procedures,BOTOX® Injections for Chronic Migraine,botox-injections-for-chronic-migraine,https://painmgmtgroup.com/pain-education/botox-injections-for-chronic-migraine/,200,ondemand.viewmedica.com/7704/open/A_280c1923,BOTOX® Injections for Chronic Migraine,
Procedures,Caudal Epidural Steroid Injection,caudal-epidural-steroid-injection,https://painmgmtgroup.com/pain-education/caudal-epidural-steroid-injection/,200,ondemand.viewmedica.com/7704/open/A_777fcf4d,Caudal Epidural Steroid Injection,
Procedures,Cervical Epidural Steroid Injection,cervical-epidural-steroid-injection,https://painmgmtgroup.com/pain-education/cervical-epidural-steroid-injection/,200,ondemand.viewmedica.com/7704/open/A_0307a991,Cervical Epidural Steroid Injection,
Procedures,Cervical Facet Radiofrequency Neurotomy,cervical-facet-radiofrequency-neurotomy,https://painmgmtgroup.com/pain-education/cervical-facet-radiofrequency-neurotomy/,200,ondemand.viewmedica.com/7704/open/A_a6d812f1,Cervical Facet Radiofrequency Neurotomy (RFA),
Procedures,Cervical Transforaminal Epidural Steroid Injection,cervical-transforaminal-epidural-steroid-injection,https://painmgmtgroup.com/pain-education/cervical-transforaminal-epidural-steroid-injection/,200,ondemand.viewmedica.com/7704/open/A_8c629729,Cervical Transforaminal Epidural Steroid Injection,
Procedures,Genicular Nerve Ablation (RF Neurotomy),genicular-nerve-ablation-rf-neurotomy,https://painmgmtgroup.com/pain-education/genicular-nerve-ablation-rf-neurotomy/,200,,Genicular Nerve Ablation (RF Neurotomy),"hub links /pain-education/genicular-nerve-ablation/, which 301s here"
Procedures,Hip Joint Injection,joint-injection,https://painmgmtgroup.com/pain-education/joint-injection/,200,ondemand.viewmedica.com/7704/open/A_5cda8d4a,Hip Joint Injection,
Procedures,Lumbar Epidural Steroid Injection,lumbar-epidural-steroid-injection,https://painmgmtgroup.com/pain-education/lumbar-epidural-steroid-injection/,200,ondemand.viewmedica.com/7704/open/A_2413942d,Lumbar Epidural Steroid Injection,
Procedures,Lumbar Sympathetic Block,lumbar-sympathetic-block,https://painmgmtgroup.com/pain-education/lumbar-sympathetic-block/,200,ondemand.viewmedica.com/7704/open/A_1babedf6,Lumbar Sympathetic Block,
Procedures,Lumbar Transforaminal Epidural Steroid Injection,lumbar-transforaminal-epidural-steroid-injection,https://painmgmtgroup.com/pain-education/lumbar-transforaminal-epidural-steroid-injection/,200,ondemand.viewmedica.com/7704/open/A_543ec6a2,Lumbar Transforaminal Epidural Steroid Injection,
Procedures,Medial Branch Block,medial-branch-block,https://painmgmtgroup.com/pain-education/medial-branch-block/,200,ondemand.viewmedica.com/7704/open/A_918ee823,Medial Branch Block,
Procedures,Mild® Procedure (Vertos Medical),mild-procedure-vertos-medical,https://painmgmtgroup.com/pain-education/mild-procedure-vertos-medical/,200,ondemand.viewmedica.com/7704/open/A_6046c9ab,Mild Procedure (Vertos Medical),
Procedures,Radiofrequency Ablation (RFA) for Pain,radiofrequency-ablation-rfa-for-pain,https://painmgmtgroup.com/pain-education/radiofrequency-ablation-rfa-for-pain/,200,ondemand.viewmedica.com/7704/open/A_5b258471,Radiofrequency Ablation (RFA) for Pain,
Procedures,Radiofrequency Neurotomy of the Lumbar Facets,radiofrequency-neurotomy-of-the-lumbar-facets,https://painmgmtgroup.com/pain-education/radiofrequency-neurotomy-of-the-lumbar-facets/,200,ondemand.viewmedica.com/7704/open/A_eb20c472,Radiofrequency Neurotomy of the Lumbar Facets (RFA),
Procedures,Radiofrequency Neurotomy of the Thoracic Facets,radiofrequency-neurotomy-of-the-thoracic-facets,https://painmgmtgroup.com/pain-education/radiofrequency-neurotomy-of-the-thoracic-facets/,200,ondemand.viewmedica.com/7704/open/A_48582b8c,Radiofrequency Neurotomy of the Thoracic Facets (RFA),
Procedures,Sacroiliac Joint Steroid Injection,sacroiliac-joint-steroid-injection,https://painmgmtgroup.com/pain-education/sacroiliac-joint-steroid-injection/,200,ondemand.viewmedica.com/7704/open/A_388f55c7,Sacroiliac Joint Steroid Injection,
Procedures,Steroid Injection for Shoulder Bursitis,soft-tissue-injection,https://painmgmtgroup.com/pain-education/soft-tissue-injection/,200,ondemand.viewmedica.com/7704/open/A_15764d86,Steroid Injection for Shoulder Bursitis,
Procedures,Spinal Cord Stimulator Implant,spinal-cord-stimulator-implant,https://painmgmtgroup.com/pain-education/spinal-cord-stimulator-implant/,200,ondemand.viewmedica.com/7704/open/A_c8d37826,Spinal Cord Stimulator Implant,
Procedures,Spinal Cord Stimulator Implant (Trial Procedure),spinal-cord-stimulator-implant-trial-procedure,https://painmgmtgroup.com/pain-education/spinal-cord-stimulator-implant-trial-procedure/,200,ondemand.viewmedica.com/7704/open/A_752e2052,Spinal Cord Stimulator Implant (Trial Procedure),
Procedures,Stellate Ganglion Block,stellate-ganglion-block,https://painmgmtgroup.com/pain-education/stellate-ganglion-block/,200,ondemand.viewmedica.com/7704/open/A_bb7df8d0,Stellate Ganglion Block,
Procedures,Thoracic Epidural Steroid Injection,thoracic-epidural-steroid-injection,https://painmgmtgroup.com/pain-education/thoracic-epidural-steroid-injection/,200,ondemand.viewmedica.com/7704/open/A_55eef6db,Thoracic Epidural Steroid Injection,
Procedures,Thoracic Transforaminal Epidural Steroid Injection,thoracic-transforaminal-epidural-steroid-injection,https://painmgmtgroup.com/pain-education/thoracic-transforaminal-epidural-steroid-injection/,200,ondemand.viewmedica.com/7704/open/A_49981a97,Thoracic Transforaminal Epidural Steroid Injection,
Procedures,Trigger Point Injections,trigger-point-injections,https://painmgmtgroup.com/pain-education/trigger-point-injections/,200,ondemand.viewmedica.com/7704/open/A_591ce11c,Trigger Point Injections,
Procedures,Superion® InterSpinous Spacer (Vertiflex),superion-interspinous-spacer-vertiflex,https://painmgmtgroup.com/pain-education/superion-interspinous-spacer-vertiflex/,200,ondemand.viewmedica.com/7704/open/A_5861a26b,,"live and in sitemap, but not linked from the hub; category assigned by topic"
Medications,Opioid Misuse,opioid-misuse,https://painmgmtgroup.com/pain-education/opioid-misuse/,200,ondemand.viewmedica.com/7704/open/A_41dcd7df,Opioid Misuse,
Medications,Opioids and Chronic Pain Management,opioids-and-chronic-pain-management,https://painmgmtgroup.com/pain-education/opioids-and-chronic-pain-management/,200,ondemand.viewmedica.com/7704/open/A_d885dfd1,Opioids and Chronic Pain Management,
Medications,Side Effects of Long-Term Opioid Use,side-effects-of-long-term-opioid-use,https://painmgmtgroup.com/pain-education/side-effects-of-long-term-opioid-use/,200,ondemand.viewmedica.com/7704/open/A_cc3fa601,Side Effects of Long-Term Opioid Use,
Medications,Tapering Opioid Use Safely,tapering-opioid-use-safely,https://painmgmtgroup.com/pain-education/tapering-opioid-use-safely/,200,ondemand.viewmedica.com/7704/open/A_1e7239b3,Tapering Opioid Use Safely,
