url,integration,evidence
https://painmgmtgroup.com/pmg-helping-in-houston/,contact_form_7,wpcf7
https://painmgmtgroup.com/pmg-helping-in-houston/,gtm,https://www.googletagmanager.com/ns.html?id=GTM-KNQXQ7K
https://painmgmtgroup.com/pmg-helping-in-houston/,ga4,https://www.googletagmanager.com/gtag/js?id=G-5JJ8KNE4RS
https://painmgmtgroup.com/pain-management-group-receives-the-partnership-for-excellence-silver-award-2022/,contact_form_7,wpcf7
https://painmgmtgroup.com/pain-management-group-receives-the-partnership-for-excellence-silver-award-2022/,gtm,https://www.googletagmanager.com/ns.html?id=GTM-KNQXQ7K
https://painmgmtgroup.com/pain-management-group-receives-the-partnership-for-excellence-silver-award-2022/,ga4,https://www.googletagmanager.com/gtag/js?id=G-5JJ8KNE4RS
https://painmgmtgroup.com/sample-page/,contact_form_7,wpcf7
https://painmgmtgroup.com/sample-page/,gtm,https://www.googletagmanager.com/ns.html?id=GTM-KNQXQ7K
https://painmgmtgroup.com/sample-page/,ga4,https://www.googletagmanager.com/gtag/js?id=G-5JJ8KNE4RS
https://painmgmtgroup.com/why-choose-us/,contact_form_7,wpcf7
https://painmgmtgroup.com/why-choose-us/,gtm,https://www.googletagmanager.com/ns.html?id=GTM-KNQXQ7K
https://painmgmtgroup.com/why-choose-us/,ga4,https://www.googletagmanager.com/gtag/js?id=G-5JJ8KNE4RS
https://painmgmtgroup.com/service/,careermd,careermd.com
https://painmgmtgroup.com/service/,indeed,indeed.com
https://painmgmtgroup.com/service/,linkedin_jobs,linkedin.com/company
https://painmgmtgroup.com/service/,contact_form_7,wpcf7
https://painmgmtgroup.com/service/,gtm,https://www.googletagmanager.com/ns.html?id=GTM-KNQXQ7K
https://painmgmtgroup.com/service/,ga4,https://www.googletagmanager.com/gtag/js?id=G-5JJ8KNE4RS
https://painmgmtgroup.com/contact/,contact_form_7,wpcf7
https://painmgmtgroup.com/contact/,gtm,https://www.googletagmanager.com/ns.html?id=GTM-KNQXQ7K
https://painmgmtgroup.com/contact/,ga4,https://www.googletagmanager.com/gtag/js?id=G-5JJ8KNE4RS
https://painmgmtgroup.com/blog/,contact_form_7,wpcf7
https://painmgmtgroup.com/blog/,gtm,https://www.googletagmanager.com/ns.html?id=GTM-KNQXQ7K
https://painmgmtgroup.com/blog/,ga4,https://www.googletagmanager.com/gtag/js?id=G-5JJ8KNE4RS
https://painmgmtgroup.com/portfolio/,contact_form_7,wpcf7
https://painmgmtgroup.com/portfolio/,gtm,https://www.googletagmanager.com/ns.html?id=GTM-KNQXQ7K
https://painmgmtgroup.com/portfolio/,ga4,https://www.googletagmanager.com/gtag/js?id=G-5JJ8KNE4RS
https://painmgmtgroup.com/,contact_form_7,wpcf7
https://painmgmtgroup.com/,gtm,https://www.googletagmanager.com/ns.html?id=GTM-KNQXQ7K
https://painmgmtgroup.com/,ga4,https://www.googletagmanager.com/gtag/js?id=G-5JJ8KNE4RS
https://painmgmtgroup.com/thank-you-for-paying-it-forward/,contact_form_7,wpcf7
https://painmgmtgroup.com/thank-you-for-paying-it-forward/,gtm,https://www.googletagmanager.com/ns.html?id=GTM-KNQXQ7K
https://painmgmtgroup.com/thank-you-for-paying-it-forward/,ga4,https://www.googletagmanager.com/gtag/js?id=G-5JJ8KNE4RS
https://painmgmtgroup.com/blog-left-sidebar/,contact_form_7,wpcf7
https://painmgmtgroup.com/blog-left-sidebar/,gtm,https://www.googletagmanager.com/ns.html?id=GTM-KNQXQ7K
https://painmgmtgroup.com/blog-left-sidebar/,ga4,https://www.googletagmanager.com/gtag/js?id=G-5JJ8KNE4RS
https://painmgmtgroup.com/blog-left-2column/,contact_form_7,wpcf7
https://painmgmtgroup.com/blog-left-2column/,gtm,https://www.googletagmanager.com/ns.html?id=GTM-KNQXQ7K
https://painmgmtgroup.com/blog-left-2column/,ga4,https://www.googletagmanager.com/gtag/js?id=G-5JJ8KNE4RS
https://painmgmtgroup.com/blog-right-sidebar/,contact_form_7,wpcf7
https://painmgmtgroup.com/blog-right-sidebar/,gtm,https://www.googletagmanager.com/ns.html?id=GTM-KNQXQ7K
https://painmgmtgroup.com/blog-right-sidebar/,ga4,https://www.googletagmanager.com/gtag/js?id=G-5JJ8KNE4RS
https://painmgmtgroup.com/pain-management-group-receives-spirit-award-from-the-partnership-for-excellence/,contact_form_7,wpcf7
https://painmgmtgroup.com/pain-management-group-receives-spirit-award-from-the-partnership-for-excellence/,gtm,https://www.googletagmanager.com/ns.html?id=GTM-KNQXQ7K
https://painmgmtgroup.com/pain-management-group-receives-spirit-award-from-the-partnership-for-excellence/,ga4,https://www.googletagmanager.com/gtag/js?id=G-5JJ8KNE4RS
https://painmgmtgroup.com/blog-right-2column/,contact_form_7,wpcf7
https://painmgmtgroup.com/blog-right-2column/,gtm,https://www.googletagmanager.com/ns.html?id=GTM-KNQXQ7K
https://painmgmtgroup.com/blog-right-2column/,ga4,https://www.googletagmanager.com/gtag/js?id=G-5JJ8KNE4RS
https://painmgmtgroup.com/our-partners/,contact_form_7,wpcf7
https://painmgmtgroup.com/our-partners/,gtm,https://www.googletagmanager.com/ns.html?id=GTM-KNQXQ7K
https://painmgmtgroup.com/our-partners/,ga4,https://www.googletagmanager.com/gtag/js?id=G-5JJ8KNE4RS
https://painmgmtgroup.com/pricing-plan/,contact_form_7,wpcf7
https://painmgmtgroup.com/pricing-plan/,gtm,https://www.googletagmanager.com/ns.html?id=GTM-KNQXQ7K
https://painmgmtgroup.com/pricing-plan/,ga4,https://www.googletagmanager.com/gtag/js?id=G-5JJ8KNE4RS
https://painmgmtgroup.com/our-clients/,contact_form_7,wpcf7
https://painmgmtgroup.com/our-clients/,gtm,https://www.googletagmanager.com/ns.html?id=GTM-KNQXQ7K
https://painmgmtgroup.com/our-clients/,ga4,https://www.googletagmanager.com/gtag/js?id=G-5JJ8KNE4RS
https://painmgmtgroup.com/portfolio-3column/,contact_form_7,wpcf7
https://painmgmtgroup.com/portfolio-3column/,gtm,https://www.googletagmanager.com/ns.html?id=GTM-KNQXQ7K
https://painmgmtgroup.com/portfolio-3column/,ga4,https://www.googletagmanager.com/gtag/js?id=G-5JJ8KNE4RS
https://painmgmtgroup.com/pain-education/,contact_form_7,wpcf7
https://painmgmtgroup.com/pain-education/,gtm,https://www.googletagmanager.com/ns.html?id=GTM-KNQXQ7K
https://painmgmtgroup.com/pain-education/,ga4,https://www.googletagmanager.com/gtag/js?id=G-5JJ8KNE4RS
https://painmgmtgroup.com/portfolio-full-3column/,contact_form_7,wpcf7
https://painmgmtgroup.com/portfolio-full-3column/,gtm,https://www.googletagmanager.com/ns.html?id=GTM-KNQXQ7K
https://painmgmtgroup.com/portfolio-full-3column/,ga4,https://www.googletagmanager.com/gtag/js?id=G-5JJ8KNE4RS
https://painmgmtgroup.com/provider-opportunities/,contact_form_7,wpcf7
https://painmgmtgroup.com/provider-opportunities/,gtm,https://www.googletagmanager.com/ns.html?id=GTM-KNQXQ7K
https://painmgmtgroup.com/provider-opportunities/,ga4,https://www.googletagmanager.com/gtag/js?id=G-5JJ8KNE4RS
https://painmgmtgroup.com/internal-team-opportunities/,contact_form_7,wpcf7
https://painmgmtgroup.com/internal-team-opportunities/,gtm,https://www.googletagmanager.com/ns.html?id=GTM-KNQXQ7K
https://painmgmtgroup.com/internal-team-opportunities/,ga4,https://www.googletagmanager.com/gtag/js?id=G-5JJ8KNE4RS
https://painmgmtgroup.com/about-us/,contact_form_7,wpcf7
https://painmgmtgroup.com/about-us/,gtm,https://www.googletagmanager.com/ns.html?id=GTM-KNQXQ7K
https://painmgmtgroup.com/about-us/,ga4,https://www.googletagmanager.com/gtag/js?id=G-5JJ8KNE4RS
https://painmgmtgroup.com/pain-education/cervical-radiculopathy/,contact_form_7,wpcf7
https://painmgmtgroup.com/pain-education/cervical-radiculopathy/,gtm,https://www.googletagmanager.com/ns.html?id=GTM-KNQXQ7K
https://painmgmtgroup.com/pain-education/cervical-radiculopathy/,ga4,https://www.googletagmanager.com/gtag/js?id=G-5JJ8KNE4RS
https://painmgmtgroup.com/pain-education/complex-regional-pain-syndrome-crps/,contact_form_7,wpcf7
https://painmgmtgroup.com/pain-education/complex-regional-pain-syndrome-crps/,gtm,https://www.googletagmanager.com/ns.html?id=GTM-KNQXQ7K
https://painmgmtgroup.com/pain-education/complex-regional-pain-syndrome-crps/,ga4,https://www.googletagmanager.com/gtag/js?id=G-5JJ8KNE4RS
https://painmgmtgroup.com/home-video-page-2/,contact_form_7,wpcf7
https://painmgmtgroup.com/home-video-page-2/,gtm,https://www.googletagmanager.com/ns.html?id=GTM-KNQXQ7K
https://painmgmtgroup.com/home-video-page-2/,ga4,https://www.googletagmanager.com/gtag/js?id=G-5JJ8KNE4RS
https://painmgmtgroup.com/pain-education/post-laminectomy-syndrome/,contact_form_7,wpcf7
https://painmgmtgroup.com/pain-education/post-laminectomy-syndrome/,gtm,https://www.googletagmanager.com/ns.html?id=GTM-KNQXQ7K
https://painmgmtgroup.com/pain-education/post-laminectomy-syndrome/,ga4,https://www.googletagmanager.com/gtag/js?id=G-5JJ8KNE4RS
https://painmgmtgroup.com/home-one-page/,contact_form_7,wpcf7
https://painmgmtgroup.com/home-one-page/,gtm,https://www.googletagmanager.com/ns.html?id=GTM-KNQXQ7K
https://painmgmtgroup.com/home-one-page/,ga4,https://www.googletagmanager.com/gtag/js?id=G-5JJ8KNE4RS
https://painmgmtgroup.com/pain-education/spinal-stenosis/,contact_form_7,wpcf7
https://painmgmtgroup.com/pain-education/spinal-stenosis/,gtm,https://www.googletagmanager.com/ns.html?id=GTM-KNQXQ7K
https://painmgmtgroup.com/pain-education/spinal-stenosis/,ga4,https://www.googletagmanager.com/gtag/js?id=G-5JJ8KNE4RS
https://painmgmtgroup.com/pain-education/spondylosis/,contact_form_7,wpcf7
https://painmgmtgroup.com/pain-education/spondylosis/,gtm,https://www.googletagmanager.com/ns.html?id=GTM-KNQXQ7K
https://painmgmtgroup.com/pain-education/spondylosis/,ga4,https://www.googletagmanager.com/gtag/js?id=G-5JJ8KNE4RS
https://painmgmtgroup.com/pain-education/botox-injections-for-chronic-migraine/,contact_form_7,wpcf7
https://painmgmtgroup.com/pain-education/botox-injections-for-chronic-migraine/,gtm,https://www.googletagmanager.com/ns.html?id=GTM-KNQXQ7K
https://painmgmtgroup.com/pain-education/botox-injections-for-chronic-migraine/,ga4,https://www.googletagmanager.com/gtag/js?id=G-5JJ8KNE4RS
https://painmgmtgroup.com/pain-education/caudal-epidural-steroid-injection/,contact_form_7,wpcf7
https://painmgmtgroup.com/pain-education/caudal-epidural-steroid-injection/,gtm,https://www.googletagmanager.com/ns.html?id=GTM-KNQXQ7K
https://painmgmtgroup.com/pain-education/caudal-epidural-steroid-injection/,ga4,https://www.googletagmanager.com/gtag/js?id=G-5JJ8KNE4RS
https://painmgmtgroup.com/pain-education/cervical-epidural-steroid-injection/,contact_form_7,wpcf7
https://painmgmtgroup.com/pain-education/cervical-epidural-steroid-injection/,gtm,https://www.googletagmanager.com/ns.html?id=GTM-KNQXQ7K
https://painmgmtgroup.com/pain-education/cervical-epidural-steroid-injection/,ga4,https://www.googletagmanager.com/gtag/js?id=G-5JJ8KNE4RS
https://painmgmtgroup.com/pain-education/cervical-facet-radiofrequency-neurotomy/,contact_form_7,wpcf7
https://painmgmtgroup.com/pain-education/cervical-facet-radiofrequency-neurotomy/,gtm,https://www.googletagmanager.com/ns.html?id=GTM-KNQXQ7K
https://painmgmtgroup.com/pain-education/cervical-facet-radiofrequency-neurotomy/,ga4,https://www.googletagmanager.com/gtag/js?id=G-5JJ8KNE4RS
https://painmgmtgroup.com/pain-education/cervical-transforaminal-epidural-steroid-injection/,contact_form_7,wpcf7
https://painmgmtgroup.com/pain-education/cervical-transforaminal-epidural-steroid-injection/,gtm,https://www.googletagmanager.com/ns.html?id=GTM-KNQXQ7K
https://painmgmtgroup.com/pain-education/cervical-transforaminal-epidural-steroid-injection/,ga4,https://www.googletagmanager.com/gtag/js?id=G-5JJ8KNE4RS
https://painmgmtgroup.com/pain-education/joint-injection/,contact_form_7,wpcf7
https://painmgmtgroup.com/pain-education/joint-injection/,gtm,https://www.googletagmanager.com/ns.html?id=GTM-KNQXQ7K
https://painmgmtgroup.com/pain-education/joint-injection/,ga4,https://www.googletagmanager.com/gtag/js?id=G-5JJ8KNE4RS
https://painmgmtgroup.com/pain-education/genicular-nerve-ablation-rf-neurotomy/,contact_form_7,wpcf7
https://painmgmtgroup.com/pain-education/genicular-nerve-ablation-rf-neurotomy/,gtm,https://www.googletagmanager.com/ns.html?id=GTM-KNQXQ7K
https://painmgmtgroup.com/pain-education/genicular-nerve-ablation-rf-neurotomy/,ga4,https://www.googletagmanager.com/gtag/js?id=G-5JJ8KNE4RS
https://painmgmtgroup.com/pain-education/lumbar-epidural-steroid-injection/,contact_form_7,wpcf7
https://painmgmtgroup.com/pain-education/lumbar-epidural-steroid-injection/,gtm,https://www.googletagmanager.com/ns.html?id=GTM-KNQXQ7K
https://painmgmtgroup.com/pain-education/lumbar-epidural-steroid-injection/,ga4,https://www.googletagmanager.com/gtag/js?id=G-5JJ8KNE4RS
https://painmgmtgroup.com/pain-education/lumbar-sympathetic-block/,contact_form_7,wpcf7
https://painmgmtgroup.com/pain-education/lumbar-sympathetic-block/,gtm,https://www.googletagmanager.com/ns.html?id=GTM-KNQXQ7K
https://painmgmtgroup.com/pain-education/lumbar-sympathetic-block/,ga4,https://www.googletagmanager.com/gtag/js?id=G-5JJ8KNE4RS
https://painmgmtgroup.com/pain-education/lumbar-transforaminal-epidural-steroid-injection/,contact_form_7,wpcf7
https://painmgmtgroup.com/pain-education/lumbar-transforaminal-epidural-steroid-injection/,gtm,https://www.googletagmanager.com/ns.html?id=GTM-KNQXQ7K
https://painmgmtgroup.com/pain-education/lumbar-transforaminal-epidural-steroid-injection/,ga4,https://www.googletagmanager.com/gtag/js?id=G-5JJ8KNE4RS
https://painmgmtgroup.com/pain-education/medial-branch-block/,contact_form_7,wpcf7
https://painmgmtgroup.com/pain-education/medial-branch-block/,gtm,https://www.googletagmanager.com/ns.html?id=GTM-KNQXQ7K
https://painmgmtgroup.com/pain-education/medial-branch-block/,ga4,https://www.googletagmanager.com/gtag/js?id=G-5JJ8KNE4RS
https://painmgmtgroup.com/pain-education/mild-procedure-vertos-medical/,contact_form_7,wpcf7
https://painmgmtgroup.com/pain-education/mild-procedure-vertos-medical/,gtm,https://www.googletagmanager.com/ns.html?id=GTM-KNQXQ7K
https://painmgmtgroup.com/pain-education/mild-procedure-vertos-medical/,ga4,https://www.googletagmanager.com/gtag/js?id=G-5JJ8KNE4RS
https://painmgmtgroup.com/pain-education/radiofrequency-ablation-rfa-for-pain/,contact_form_7,wpcf7
https://painmgmtgroup.com/pain-education/radiofrequency-ablation-rfa-for-pain/,gtm,https://www.googletagmanager.com/ns.html?id=GTM-KNQXQ7K
https://painmgmtgroup.com/pain-education/radiofrequency-ablation-rfa-for-pain/,ga4,https://www.googletagmanager.com/gtag/js?id=G-5JJ8KNE4RS
https://painmgmtgroup.com/pain-education/radiofrequency-neurotomy-of-the-lumbar-facets/,contact_form_7,wpcf7
https://painmgmtgroup.com/pain-education/radiofrequency-neurotomy-of-the-lumbar-facets/,gtm,https://www.googletagmanager.com/ns.html?id=GTM-KNQXQ7K
https://painmgmtgroup.com/pain-education/radiofrequency-neurotomy-of-the-lumbar-facets/,ga4,https://www.googletagmanager.com/gtag/js?id=G-5JJ8KNE4RS
https://painmgmtgroup.com/pain-education/sacroiliac-joint-steroid-injection/,contact_form_7,wpcf7
https://painmgmtgroup.com/pain-education/sacroiliac-joint-steroid-injection/,gtm,https://www.googletagmanager.com/ns.html?id=GTM-KNQXQ7K
https://painmgmtgroup.com/pain-education/sacroiliac-joint-steroid-injection/,ga4,https://www.googletagmanager.com/gtag/js?id=G-5JJ8KNE4RS
https://painmgmtgroup.com/pain-education/radiofrequency-neurotomy-of-the-thoracic-facets/,contact_form_7,wpcf7
https://painmgmtgroup.com/pain-education/radiofrequency-neurotomy-of-the-thoracic-facets/,gtm,https://www.googletagmanager.com/ns.html?id=GTM-KNQXQ7K
https://painmgmtgroup.com/pain-education/radiofrequency-neurotomy-of-the-thoracic-facets/,ga4,https://www.googletagmanager.com/gtag/js?id=G-5JJ8KNE4RS
https://painmgmtgroup.com/pain-education/soft-tissue-injection/,contact_form_7,wpcf7
https://painmgmtgroup.com/pain-education/soft-tissue-injection/,gtm,https://www.googletagmanager.com/ns.html?id=GTM-KNQXQ7K
https://painmgmtgroup.com/pain-education/soft-tissue-injection/,ga4,https://www.googletagmanager.com/gtag/js?id=G-5JJ8KNE4RS
https://painmgmtgroup.com/pain-education/spinal-cord-stimulator-implant/,contact_form_7,wpcf7
https://painmgmtgroup.com/pain-education/spinal-cord-stimulator-implant/,gtm,https://www.googletagmanager.com/ns.html?id=GTM-KNQXQ7K
https://painmgmtgroup.com/pain-education/spinal-cord-stimulator-implant/,ga4,https://www.googletagmanager.com/gtag/js?id=G-5JJ8KNE4RS
https://painmgmtgroup.com/pain-education/spinal-cord-stimulator-implant-trial-procedure/,contact_form_7,wpcf7
https://painmgmtgroup.com/pain-education/spinal-cord-stimulator-implant-trial-procedure/,gtm,https://www.googletagmanager.com/ns.html?id=GTM-KNQXQ7K
https://painmgmtgroup.com/pain-education/spinal-cord-stimulator-implant-trial-procedure/,ga4,https://www.googletagmanager.com/gtag/js?id=G-5JJ8KNE4RS
https://painmgmtgroup.com/pain-education/stellate-ganglion-block/,contact_form_7,wpcf7
https://painmgmtgroup.com/pain-education/stellate-ganglion-block/,gtm,https://www.googletagmanager.com/ns.html?id=GTM-KNQXQ7K
https://painmgmtgroup.com/pain-education/stellate-ganglion-block/,ga4,https://www.googletagmanager.com/gtag/js?id=G-5JJ8KNE4RS
https://painmgmtgroup.com/pain-education/superion-interspinous-spacer-vertiflex/,contact_form_7,wpcf7
https://painmgmtgroup.com/pain-education/superion-interspinous-spacer-vertiflex/,gtm,https://www.googletagmanager.com/ns.html?id=GTM-KNQXQ7K
https://painmgmtgroup.com/pain-education/superion-interspinous-spacer-vertiflex/,ga4,https://www.googletagmanager.com/gtag/js?id=G-5JJ8KNE4RS
https://painmgmtgroup.com/pain-education/thoracic-epidural-steroid-injection/,contact_form_7,wpcf7
https://painmgmtgroup.com/pain-education/thoracic-epidural-steroid-injection/,gtm,https://www.googletagmanager.com/ns.html?id=GTM-KNQXQ7K
https://painmgmtgroup.com/pain-education/thoracic-epidural-steroid-injection/,ga4,https://www.googletagmanager.com/gtag/js?id=G-5JJ8KNE4RS
https://painmgmtgroup.com/pain-education/thoracic-transforaminal-epidural-steroid-injection/,contact_form_7,wpcf7
https://painmgmtgroup.com/pain-education/thoracic-transforaminal-epidural-steroid-injection/,gtm,https://www.googletagmanager.com/ns.html?id=GTM-KNQXQ7K
https://painmgmtgroup.com/pain-education/thoracic-transforaminal-epidural-steroid-injection/,ga4,https://www.googletagmanager.com/gtag/js?id=G-5JJ8KNE4RS
https://painmgmtgroup.com/pain-education/trigger-point-injections/,contact_form_7,wpcf7
https://painmgmtgroup.com/pain-education/trigger-point-injections/,gtm,https://www.googletagmanager.com/ns.html?id=GTM-KNQXQ7K
https://painmgmtgroup.com/pain-education/trigger-point-injections/,ga4,https://www.googletagmanager.com/gtag/js?id=G-5JJ8KNE4RS
https://painmgmtgroup.com/pain-education/opioid-misuse/,contact_form_7,wpcf7
https://painmgmtgroup.com/pain-education/opioid-misuse/,gtm,https://www.googletagmanager.com/ns.html?id=GTM-KNQXQ7K
https://painmgmtgroup.com/pain-education/opioid-misuse/,ga4,https://www.googletagmanager.com/gtag/js?id=G-5JJ8KNE4RS
https://painmgmtgroup.com/pain-education/opioids-and-chronic-pain-management/,contact_form_7,wpcf7
https://painmgmtgroup.com/pain-education/opioids-and-chronic-pain-management/,gtm,https://www.googletagmanager.com/ns.html?id=GTM-KNQXQ7K
https://painmgmtgroup.com/pain-education/opioids-and-chronic-pain-management/,ga4,https://www.googletagmanager.com/gtag/js?id=G-5JJ8KNE4RS
https://painmgmtgroup.com/pain-education/tapering-opioid-use-safely/,contact_form_7,wpcf7
https://painmgmtgroup.com/pain-education/tapering-opioid-use-safely/,gtm,https://www.googletagmanager.com/ns.html?id=GTM-KNQXQ7K
https://painmgmtgroup.com/pain-education/tapering-opioid-use-safely/,ga4,https://www.googletagmanager.com/gtag/js?id=G-5JJ8KNE4RS
https://painmgmtgroup.com/pain-education/side-effects-of-long-term-opioid-use/,contact_form_7,wpcf7
https://painmgmtgroup.com/pain-education/side-effects-of-long-term-opioid-use/,gtm,https://www.googletagmanager.com/ns.html?id=GTM-KNQXQ7K
https://painmgmtgroup.com/pain-education/side-effects-of-long-term-opioid-use/,ga4,https://www.googletagmanager.com/gtag/js?id=G-5JJ8KNE4RS
https://painmgmtgroup.com/pain-education/lumbar-radiculopathy-sciatica/,contact_form_7,wpcf7
https://painmgmtgroup.com/pain-education/lumbar-radiculopathy-sciatica/,gtm,https://www.googletagmanager.com/ns.html?id=GTM-KNQXQ7K
https://painmgmtgroup.com/pain-education/lumbar-radiculopathy-sciatica/,ga4,https://www.googletagmanager.com/gtag/js?id=G-5JJ8KNE4RS
https://painmgmtgroup.com/pain-education/bursitis-of-the-hip-trochanteric-bursitis/,contact_form_7,wpcf7
https://painmgmtgroup.com/pain-education/bursitis-of-the-hip-trochanteric-bursitis/,gtm,https://www.googletagmanager.com/ns.html?id=GTM-KNQXQ7K
https://painmgmtgroup.com/pain-education/bursitis-of-the-hip-trochanteric-bursitis/,ga4,https://www.googletagmanager.com/gtag/js?id=G-5JJ8KNE4RS
https://painmgmtgroup.com/slider/slider2-2/,contact_form_7,wpcf7
https://painmgmtgroup.com/slider/slider2-2/,gtm,https://www.googletagmanager.com/ns.html?id=GTM-KNQXQ7K
https://painmgmtgroup.com/slider/slider2-2/,ga4,https://www.googletagmanager.com/gtag/js?id=G-5JJ8KNE4RS
https://painmgmtgroup.com/pain-education/basivertebral-nerve-ablation-bvn/,contact_form_7,wpcf7
https://painmgmtgroup.com/pain-education/basivertebral-nerve-ablation-bvn/,gtm,https://www.googletagmanager.com/ns.html?id=GTM-KNQXQ7K
https://painmgmtgroup.com/pain-education/basivertebral-nerve-ablation-bvn/,ga4,https://www.googletagmanager.com/gtag/js?id=G-5JJ8KNE4RS
https://painmgmtgroup.com/slider/slider3-2/,contact_form_7,wpcf7
https://painmgmtgroup.com/slider/slider3-2/,gtm,https://www.googletagmanager.com/ns.html?id=GTM-KNQXQ7K
https://painmgmtgroup.com/slider/slider3-2/,ga4,https://www.googletagmanager.com/gtag/js?id=G-5JJ8KNE4RS
https://painmgmtgroup.com/slider/slider/,contact_form_7,wpcf7
https://painmgmtgroup.com/slider/slider/,gtm,https://www.googletagmanager.com/ns.html?id=GTM-KNQXQ7K
https://painmgmtgroup.com/slider/slider/,ga4,https://www.googletagmanager.com/gtag/js?id=G-5JJ8KNE4RS
https://painmgmtgroup.com/em_portfolios/allegan-pain-management-center/,contact_form_7,wpcf7
https://painmgmtgroup.com/em_portfolios/allegan-pain-management-center/,gtm,https://www.googletagmanager.com/ns.html?id=GTM-KNQXQ7K
https://painmgmtgroup.com/em_portfolios/allegan-pain-management-center/,ga4,https://www.googletagmanager.com/gtag/js?id=G-5JJ8KNE4RS
https://painmgmtgroup.com/em_portfolios/acrmc-restorative-pain-care/,contact_form_7,wpcf7
https://painmgmtgroup.com/em_portfolios/acrmc-restorative-pain-care/,gtm,https://www.googletagmanager.com/ns.html?id=GTM-KNQXQ7K
https://painmgmtgroup.com/em_portfolios/acrmc-restorative-pain-care/,ga4,https://www.googletagmanager.com/gtag/js?id=G-5JJ8KNE4RS
https://painmgmtgroup.com/em_portfolios/avita-pain-management-center-galion/,contact_form_7,wpcf7
https://painmgmtgroup.com/em_portfolios/avita-pain-management-center-galion/,gtm,https://www.googletagmanager.com/ns.html?id=GTM-KNQXQ7K
https://painmgmtgroup.com/em_portfolios/avita-pain-management-center-galion/,ga4,https://www.googletagmanager.com/gtag/js?id=G-5JJ8KNE4RS
https://painmgmtgroup.com/em_portfolios/blanchard-valley-pain-management-center-findlay/,contact_form_7,wpcf7
https://painmgmtgroup.com/em_portfolios/blanchard-valley-pain-management-center-findlay/,gtm,https://www.googletagmanager.com/ns.html?id=GTM-KNQXQ7K
https://painmgmtgroup.com/em_portfolios/blanchard-valley-pain-management-center-findlay/,ga4,https://www.googletagmanager.com/gtag/js?id=G-5JJ8KNE4RS
https://painmgmtgroup.com/em_portfolios/community-hospitals-wellness-centers-pain-management-center/,contact_form_7,wpcf7
https://painmgmtgroup.com/em_portfolios/community-hospitals-wellness-centers-pain-management-center/,gtm,https://www.googletagmanager.com/ns.html?id=GTM-KNQXQ7K
https://painmgmtgroup.com/em_portfolios/community-hospitals-wellness-centers-pain-management-center/,ga4,https://www.googletagmanager.com/gtag/js?id=G-5JJ8KNE4RS
https://painmgmtgroup.com/em_portfolios/knox-center-for-pain-management/,contact_form_7,wpcf7
https://painmgmtgroup.com/em_portfolios/knox-center-for-pain-management/,gtm,https://www.googletagmanager.com/ns.html?id=GTM-KNQXQ7K
https://painmgmtgroup.com/em_portfolios/knox-center-for-pain-management/,ga4,https://www.googletagmanager.com/gtag/js?id=G-5JJ8KNE4RS
https://painmgmtgroup.com/em_portfolios/clinton-pain-management-center/,contact_form_7,wpcf7
https://painmgmtgroup.com/em_portfolios/clinton-pain-management-center/,gtm,https://www.googletagmanager.com/ns.html?id=GTM-KNQXQ7K
https://painmgmtgroup.com/em_portfolios/clinton-pain-management-center/,ga4,https://www.googletagmanager.com/gtag/js?id=G-5JJ8KNE4RS
https://painmgmtgroup.com/em_portfolios/crystal-clinic-pain-management-center/,contact_form_7,wpcf7
https://painmgmtgroup.com/em_portfolios/crystal-clinic-pain-management-center/,gtm,https://www.googletagmanager.com/ns.html?id=GTM-KNQXQ7K
https://painmgmtgroup.com/em_portfolios/crystal-clinic-pain-management-center/,ga4,https://www.googletagmanager.com/gtag/js?id=G-5JJ8KNE4RS
https://painmgmtgroup.com/em_portfolios/decatur-county-memorial-pain-management-center/,contact_form_7,wpcf7
https://painmgmtgroup.com/em_portfolios/decatur-county-memorial-pain-management-center/,gtm,https://www.googletagmanager.com/ns.html?id=GTM-KNQXQ7K
https://painmgmtgroup.com/em_portfolios/decatur-county-memorial-pain-management-center/,ga4,https://www.googletagmanager.com/gtag/js?id=G-5JJ8KNE4RS
https://painmgmtgroup.com/em_portfolios/edgerton-hospital-pain-spine-center/,contact_form_7,wpcf7
https://painmgmtgroup.com/em_portfolios/edgerton-hospital-pain-spine-center/,gtm,https://www.googletagmanager.com/ns.html?id=GTM-KNQXQ7K
https://painmgmtgroup.com/em_portfolios/edgerton-hospital-pain-spine-center/,ga4,https://www.googletagmanager.com/gtag/js?id=G-5JJ8KNE4RS
https://painmgmtgroup.com/em_portfolios/edgewood-pain-management-center/,contact_form_7,wpcf7
https://painmgmtgroup.com/em_portfolios/edgewood-pain-management-center/,gtm,https://www.googletagmanager.com/ns.html?id=GTM-KNQXQ7K
https://painmgmtgroup.com/em_portfolios/edgewood-pain-management-center/,ga4,https://www.googletagmanager.com/gtag/js?id=G-5JJ8KNE4RS
https://painmgmtgroup.com/em_portfolios/fisher-titus-pain-management-center-sandusky/,contact_form_7,wpcf7
https://painmgmtgroup.com/em_portfolios/fisher-titus-pain-management-center-sandusky/,gtm,https://www.googletagmanager.com/ns.html?id=GTM-KNQXQ7K
https://painmgmtgroup.com/em_portfolios/fisher-titus-pain-management-center-sandusky/,ga4,https://www.googletagmanager.com/gtag/js?id=G-5JJ8KNE4RS
https://painmgmtgroup.com/em_portfolios/hancock-pain-management/,contact_form_7,wpcf7
https://painmgmtgroup.com/em_portfolios/hancock-pain-management/,gtm,https://www.googletagmanager.com/ns.html?id=GTM-KNQXQ7K
https://painmgmtgroup.com/em_portfolios/hancock-pain-management/,ga4,https://www.googletagmanager.com/gtag/js?id=G-5JJ8KNE4RS
https://painmgmtgroup.com/em_portfolios/henry-county-pain-management-center/,contact_form_7,wpcf7
https://painmgmtgroup.com/em_portfolios/henry-county-pain-management-center/,gtm,https://www.googletagmanager.com/ns.html?id=GTM-KNQXQ7K
https://painmgmtgroup.com/em_portfolios/henry-county-pain-management-center/,ga4,https://www.googletagmanager.com/gtag/js?id=G-5JJ8KNE4RS
https://painmgmtgroup.com/em_portfolios/harrison-memorial-pain-management/,contact_form_7,wpcf7
https://painmgmtgroup.com/em_portfolios/harrison-memorial-pain-management/,gtm,https://www.googletagmanager.com/ns.html?id=GTM-KNQXQ7K
https://painmgmtgroup.com/em_portfolios/harrison-memorial-pain-management/,ga4,https://www.googletagmanager.com/gtag/js?id=G-5JJ8KNE4RS
https://painmgmtgroup.com/em_portfolios/madison-health-pain-management/,contact_form_7,wpcf7
https://painmgmtgroup.com/em_portfolios/madison-health-pain-management/,gtm,https://www.googletagmanager.com/ns.html?id=GTM-KNQXQ7K
https://painmgmtgroup.com/em_portfolios/madison-health-pain-management/,ga4,https://www.googletagmanager.com/gtag/js?id=G-5JJ8KNE4RS
https://painmgmtgroup.com/em_portfolios/meadowview-interventional-pain-management/,contact_form_7,wpcf7
https://painmgmtgroup.com/em_portfolios/meadowview-interventional-pain-management/,gtm,https://www.googletagmanager.com/ns.html?id=GTM-KNQXQ7K
https://painmgmtgroup.com/em_portfolios/meadowview-interventional-pain-management/,ga4,https://www.googletagmanager.com/gtag/js?id=G-5JJ8KNE4RS
https://painmgmtgroup.com/em_portfolios/magruder-pain-management-center/,contact_form_7,wpcf7
https://painmgmtgroup.com/em_portfolios/magruder-pain-management-center/,gtm,https://www.googletagmanager.com/ns.html?id=GTM-KNQXQ7K
https://painmgmtgroup.com/em_portfolios/magruder-pain-management-center/,ga4,https://www.googletagmanager.com/gtag/js?id=G-5JJ8KNE4RS
https://painmgmtgroup.com/em_portfolios/memorial-pain-solutions/,contact_form_7,wpcf7
https://painmgmtgroup.com/em_portfolios/memorial-pain-solutions/,gtm,https://www.googletagmanager.com/ns.html?id=GTM-KNQXQ7K
https://painmgmtgroup.com/em_portfolios/memorial-pain-solutions/,ga4,https://www.googletagmanager.com/gtag/js?id=G-5JJ8KNE4RS
https://painmgmtgroup.com/em_portfolios/memorial-pain-clinic/,contact_form_7,wpcf7
https://painmgmtgroup.com/em_portfolios/memorial-pain-clinic/,gtm,https://www.googletagmanager.com/ns.html?id=GTM-KNQXQ7K
https://painmgmtgroup.com/em_portfolios/memorial-pain-clinic/,ga4,https://www.googletagmanager.com/gtag/js?id=G-5JJ8KNE4RS
https://painmgmtgroup.com/em_portfolios/new-day-pain-management-center/,contact_form_7,wpcf7
https://painmgmtgroup.com/em_portfolios/new-day-pain-management-center/,gtm,https://www.googletagmanager.com/ns.html?id=GTM-KNQXQ7K
https://painmgmtgroup.com/em_portfolios/new-day-pain-management-center/,ga4,https://www.googletagmanager.com/gtag/js?id=G-5JJ8KNE4RS
https://painmgmtgroup.com/em_portfolios/ohio-county-pain-care/,contact_form_7,wpcf7
https://painmgmtgroup.com/em_portfolios/ohio-county-pain-care/,gtm,https://www.googletagmanager.com/ns.html?id=GTM-KNQXQ7K
https://painmgmtgroup.com/em_portfolios/ohio-county-pain-care/,ga4,https://www.googletagmanager.com/gtag/js?id=G-5JJ8KNE4RS
https://painmgmtgroup.com/em_portfolios/paulding-county-pain-management/,contact_form_7,wpcf7
https://painmgmtgroup.com/em_portfolios/paulding-county-pain-management/,gtm,https://www.googletagmanager.com/ns.html?id=GTM-KNQXQ7K
https://painmgmtgroup.com/em_portfolios/paulding-county-pain-management/,ga4,https://www.googletagmanager.com/gtag/js?id=G-5JJ8KNE4RS
https://painmgmtgroup.com/em_portfolios/putnam-county-hospital-pain-management-center/,contact_form_7,wpcf7
https://painmgmtgroup.com/em_portfolios/putnam-county-hospital-pain-management-center/,gtm,https://www.googletagmanager.com/ns.html?id=GTM-KNQXQ7K
https://painmgmtgroup.com/em_portfolios/putnam-county-hospital-pain-management-center/,ga4,https://www.googletagmanager.com/gtag/js?id=G-5JJ8KNE4RS
https://painmgmtgroup.com/em_portfolios/uh-samaritan-pain-clinic/,contact_form_7,wpcf7
https://painmgmtgroup.com/em_portfolios/uh-samaritan-pain-clinic/,gtm,https://www.googletagmanager.com/ns.html?id=GTM-KNQXQ7K
https://painmgmtgroup.com/em_portfolios/uh-samaritan-pain-clinic/,ga4,https://www.googletagmanager.com/gtag/js?id=G-5JJ8KNE4RS
https://painmgmtgroup.com/em_portfolios/spine-and-pain-program-at-mymichigan-medical-center-west-branch/,contact_form_7,wpcf7
https://painmgmtgroup.com/em_portfolios/spine-and-pain-program-at-mymichigan-medical-center-west-branch/,gtm,https://www.googletagmanager.com/ns.html?id=GTM-KNQXQ7K
https://painmgmtgroup.com/em_portfolios/spine-and-pain-program-at-mymichigan-medical-center-west-branch/,ga4,https://www.googletagmanager.com/gtag/js?id=G-5JJ8KNE4RS
https://painmgmtgroup.com/em_portfolios/rhea-pain-management-center/,contact_form_7,wpcf7
https://painmgmtgroup.com/em_portfolios/rhea-pain-management-center/,gtm,https://www.googletagmanager.com/ns.html?id=GTM-KNQXQ7K
https://painmgmtgroup.com/em_portfolios/rhea-pain-management-center/,ga4,https://www.googletagmanager.com/gtag/js?id=G-5JJ8KNE4RS
https://painmgmtgroup.com/em_portfolios/twin-lakes-pain-management-center/,contact_form_7,wpcf7
https://painmgmtgroup.com/em_portfolios/twin-lakes-pain-management-center/,gtm,https://www.googletagmanager.com/ns.html?id=GTM-KNQXQ7K
https://painmgmtgroup.com/em_portfolios/twin-lakes-pain-management-center/,ga4,https://www.googletagmanager.com/gtag/js?id=G-5JJ8KNE4RS
https://painmgmtgroup.com/em_portfolios/wayne-health-pain-management/,contact_form_7,wpcf7
https://painmgmtgroup.com/em_portfolios/wayne-health-pain-management/,gtm,https://www.googletagmanager.com/ns.html?id=GTM-KNQXQ7K
https://painmgmtgroup.com/em_portfolios/wayne-health-pain-management/,ga4,https://www.googletagmanager.com/gtag/js?id=G-5JJ8KNE4RS
https://painmgmtgroup.com/em_portfolios/van-wert-county-pain-management-center/,contact_form_7,wpcf7
https://painmgmtgroup.com/em_portfolios/van-wert-county-pain-management-center/,gtm,https://www.googletagmanager.com/ns.html?id=GTM-KNQXQ7K
https://painmgmtgroup.com/em_portfolios/van-wert-county-pain-management-center/,ga4,https://www.googletagmanager.com/gtag/js?id=G-5JJ8KNE4RS
https://painmgmtgroup.com/em_portfolios/breckinridge-health-pain-management-center/,contact_form_7,wpcf7
https://painmgmtgroup.com/em_portfolios/breckinridge-health-pain-management-center/,gtm,https://www.googletagmanager.com/ns.html?id=GTM-KNQXQ7K
https://painmgmtgroup.com/em_portfolios/breckinridge-health-pain-management-center/,ga4,https://www.googletagmanager.com/gtag/js?id=G-5JJ8KNE4RS
https://painmgmtgroup.com/em_portfolios/ferrell-pain-management-center/,contact_form_7,wpcf7
https://painmgmtgroup.com/em_portfolios/ferrell-pain-management-center/,gtm,https://www.googletagmanager.com/ns.html?id=GTM-KNQXQ7K
https://painmgmtgroup.com/em_portfolios/ferrell-pain-management-center/,ga4,https://www.googletagmanager.com/gtag/js?id=G-5JJ8KNE4RS
https://painmgmtgroup.com/em_portfolios/southeastern-pain-management/,contact_form_7,wpcf7
https://painmgmtgroup.com/em_portfolios/southeastern-pain-management/,gtm,https://www.googletagmanager.com/ns.html?id=GTM-KNQXQ7K
https://painmgmtgroup.com/em_portfolios/southeastern-pain-management/,ga4,https://www.googletagmanager.com/gtag/js?id=G-5JJ8KNE4RS
https://painmgmtgroup.com/em_portfolios/massac-hospital/,contact_form_7,wpcf7
https://painmgmtgroup.com/em_portfolios/massac-hospital/,gtm,https://www.googletagmanager.com/ns.html?id=GTM-KNQXQ7K
https://painmgmtgroup.com/em_portfolios/massac-hospital/,ga4,https://www.googletagmanager.com/gtag/js?id=G-5JJ8KNE4RS
https://painmgmtgroup.com/em_portfolios/marshall-browning/,contact_form_7,wpcf7
https://painmgmtgroup.com/em_portfolios/marshall-browning/,gtm,https://www.googletagmanager.com/ns.html?id=GTM-KNQXQ7K
https://painmgmtgroup.com/em_portfolios/marshall-browning/,ga4,https://www.googletagmanager.com/gtag/js?id=G-5JJ8KNE4RS
https://painmgmtgroup.com/em_portfolios/hardin-medical-center/,contact_form_7,wpcf7
https://painmgmtgroup.com/em_portfolios/hardin-medical-center/,gtm,https://www.googletagmanager.com/ns.html?id=GTM-KNQXQ7K
https://painmgmtgroup.com/em_portfolios/hardin-medical-center/,ga4,https://www.googletagmanager.com/gtag/js?id=G-5JJ8KNE4RS
https://painmgmtgroup.com/em_portfolios/houlton-regional-hospital/,contact_form_7,wpcf7
https://painmgmtgroup.com/em_portfolios/houlton-regional-hospital/,gtm,https://www.googletagmanager.com/ns.html?id=GTM-KNQXQ7K
https://painmgmtgroup.com/em_portfolios/houlton-regional-hospital/,ga4,https://www.googletagmanager.com/gtag/js?id=G-5JJ8KNE4RS
https://painmgmtgroup.com/em_portfolios/columbus-regional/,contact_form_7,wpcf7
https://painmgmtgroup.com/em_portfolios/columbus-regional/,gtm,https://www.googletagmanager.com/ns.html?id=GTM-KNQXQ7K
https://painmgmtgroup.com/em_portfolios/columbus-regional/,ga4,https://www.googletagmanager.com/gtag/js?id=G-5JJ8KNE4RS
https://painmgmtgroup.com/em_portfolios/northern-maine-medical-center/,contact_form_7,wpcf7
https://painmgmtgroup.com/em_portfolios/northern-maine-medical-center/,gtm,https://www.googletagmanager.com/ns.html?id=GTM-KNQXQ7K
https://painmgmtgroup.com/em_portfolios/northern-maine-medical-center/,ga4,https://www.googletagmanager.com/gtag/js?id=G-5JJ8KNE4RS
https://painmgmtgroup.com/em_portfolios/perry-county-memorial-hosplital/,contact_form_7,wpcf7
https://painmgmtgroup.com/em_portfolios/perry-county-memorial-hosplital/,gtm,https://www.googletagmanager.com/ns.html?id=GTM-KNQXQ7K
https://painmgmtgroup.com/em_portfolios/perry-county-memorial-hosplital/,ga4,https://www.googletagmanager.com/gtag/js?id=G-5JJ8KNE4RS
https://painmgmtgroup.com/em_team/mr-miller/,contact_form_7,wpcf7
https://painmgmtgroup.com/em_team/mr-miller/,gtm,https://www.googletagmanager.com/ns.html?id=GTM-KNQXQ7K
https://painmgmtgroup.com/em_team/mr-miller/,ga4,https://www.googletagmanager.com/gtag/js?id=G-5JJ8KNE4RS
https://painmgmtgroup.com/em_team/patrick-tomasso/,contact_form_7,wpcf7
https://painmgmtgroup.com/em_team/patrick-tomasso/,gtm,https://www.googletagmanager.com/ns.html?id=GTM-KNQXQ7K
https://painmgmtgroup.com/em_team/patrick-tomasso/,ga4,https://www.googletagmanager.com/gtag/js?id=G-5JJ8KNE4RS
https://painmgmtgroup.com/em_team/cristian-escobar/,contact_form_7,wpcf7
https://painmgmtgroup.com/em_team/cristian-escobar/,gtm,https://www.googletagmanager.com/ns.html?id=GTM-KNQXQ7K
https://painmgmtgroup.com/em_team/cristian-escobar/,ga4,https://www.googletagmanager.com/gtag/js?id=G-5JJ8KNE4RS
https://painmgmtgroup.com/em_team/stephen-miller/,contact_form_7,wpcf7
https://painmgmtgroup.com/em_team/stephen-miller/,gtm,https://www.googletagmanager.com/ns.html?id=GTM-KNQXQ7K
https://painmgmtgroup.com/em_team/stephen-miller/,ga4,https://www.googletagmanager.com/gtag/js?id=G-5JJ8KNE4RS
https://painmgmtgroup.com/em_testimonial/mr-maldonado/,contact_form_7,wpcf7
https://painmgmtgroup.com/em_testimonial/mr-maldonado/,gtm,https://www.googletagmanager.com/ns.html?id=GTM-KNQXQ7K
https://painmgmtgroup.com/em_testimonial/mr-maldonado/,ga4,https://www.googletagmanager.com/gtag/js?id=G-5JJ8KNE4RS
https://painmgmtgroup.com/em_testimonial/bill-watkins/,contact_form_7,wpcf7
https://painmgmtgroup.com/em_testimonial/bill-watkins/,gtm,https://www.googletagmanager.com/ns.html?id=GTM-KNQXQ7K
https://painmgmtgroup.com/em_testimonial/bill-watkins/,ga4,https://www.googletagmanager.com/gtag/js?id=G-5JJ8KNE4RS
https://painmgmtgroup.com/em_testimonial/patrick-j-martin/,contact_form_7,wpcf7
https://painmgmtgroup.com/em_testimonial/patrick-j-martin/,gtm,https://www.googletagmanager.com/ns.html?id=GTM-KNQXQ7K
https://painmgmtgroup.com/em_testimonial/patrick-j-martin/,ga4,https://www.googletagmanager.com/gtag/js?id=G-5JJ8KNE4RS
https://painmgmtgroup.com/category/uncategorized/,contact_form_7,wpcf7
https://painmgmtgroup.com/category/uncategorized/,gtm,https://www.googletagmanager.com/ns.html?id=GTM-KNQXQ7K
https://painmgmtgroup.com/category/uncategorized/,ga4,https://www.googletagmanager.com/gtag/js?id=G-5JJ8KNE4RS
https://painmgmtgroup.com/category/corporate/,contact_form_7,wpcf7
https://painmgmtgroup.com/category/corporate/,gtm,https://www.googletagmanager.com/ns.html?id=GTM-KNQXQ7K
https://painmgmtgroup.com/category/corporate/,ga4,https://www.googletagmanager.com/gtag/js?id=G-5JJ8KNE4RS
https://painmgmtgroup.com/type/gallery/,contact_form_7,wpcf7
https://painmgmtgroup.com/type/gallery/,gtm,https://www.googletagmanager.com/ns.html?id=GTM-KNQXQ7K
https://painmgmtgroup.com/type/gallery/,ga4,https://www.googletagmanager.com/gtag/js?id=G-5JJ8KNE4RS
https://painmgmtgroup.com/category/stories/,contact_form_7,wpcf7
https://painmgmtgroup.com/category/stories/,gtm,https://www.googletagmanager.com/ns.html?id=GTM-KNQXQ7K
https://painmgmtgroup.com/category/stories/,ga4,https://www.googletagmanager.com/gtag/js?id=G-5JJ8KNE4RS
https://painmgmtgroup.com/author/pmg_admin/,contact_form_7,wpcf7
https://painmgmtgroup.com/author/pmg_admin/,gtm,https://www.googletagmanager.com/ns.html?id=GTM-KNQXQ7K
https://painmgmtgroup.com/author/pmg_admin/,ga4,https://www.googletagmanager.com/gtag/js?id=G-5JJ8KNE4RS
https://painmgmtgroup.com/2019/01/,contact_form_7,wpcf7
https://painmgmtgroup.com/2019/01/,gtm,https://www.googletagmanager.com/ns.html?id=GTM-KNQXQ7K
https://painmgmtgroup.com/2019/01/,ga4,https://www.googletagmanager.com/gtag/js?id=G-5JJ8KNE4RS
https://painmgmtgroup.com/2022/08/,contact_form_7,wpcf7
https://painmgmtgroup.com/2022/08/,gtm,https://www.googletagmanager.com/ns.html?id=GTM-KNQXQ7K
https://painmgmtgroup.com/2022/08/,ga4,https://www.googletagmanager.com/gtag/js?id=G-5JJ8KNE4RS
https://painmgmtgroup.com/2018/01/,contact_form_7,wpcf7
https://painmgmtgroup.com/2018/01/,gtm,https://www.googletagmanager.com/ns.html?id=GTM-KNQXQ7K
https://painmgmtgroup.com/2018/01/,ga4,https://www.googletagmanager.com/gtag/js?id=G-5JJ8KNE4RS
https://painmgmtgroup.com/2017/12/,contact_form_7,wpcf7
https://painmgmtgroup.com/2017/12/,gtm,https://www.googletagmanager.com/ns.html?id=GTM-KNQXQ7K
https://painmgmtgroup.com/2017/12/,ga4,https://www.googletagmanager.com/gtag/js?id=G-5JJ8KNE4RS
https://painmgmtgroup.com/portfolio-3column/page/2/,contact_form_7,wpcf7
https://painmgmtgroup.com/portfolio-3column/page/2/,gtm,https://www.googletagmanager.com/ns.html?id=GTM-KNQXQ7K
https://painmgmtgroup.com/portfolio-3column/page/2/,ga4,https://www.googletagmanager.com/gtag/js?id=G-5JJ8KNE4RS
https://painmgmtgroup.com/portfolio-3column/page/3/,contact_form_7,wpcf7
https://painmgmtgroup.com/portfolio-3column/page/3/,gtm,https://www.googletagmanager.com/ns.html?id=GTM-KNQXQ7K
https://painmgmtgroup.com/portfolio-3column/page/3/,ga4,https://www.googletagmanager.com/gtag/js?id=G-5JJ8KNE4RS
https://painmgmtgroup.com/portfolio-3column/page/7/,contact_form_7,wpcf7
https://painmgmtgroup.com/portfolio-3column/page/7/,gtm,https://www.googletagmanager.com/ns.html?id=GTM-KNQXQ7K
https://painmgmtgroup.com/portfolio-3column/page/7/,ga4,https://www.googletagmanager.com/gtag/js?id=G-5JJ8KNE4RS
https://painmgmtgroup.com/portfolio-full-3column/page/2/,contact_form_7,wpcf7
https://painmgmtgroup.com/portfolio-full-3column/page/2/,gtm,https://www.googletagmanager.com/ns.html?id=GTM-KNQXQ7K
https://painmgmtgroup.com/portfolio-full-3column/page/2/,ga4,https://www.googletagmanager.com/gtag/js?id=G-5JJ8KNE4RS
https://painmgmtgroup.com/2019/01/31/,contact_form_7,wpcf7
https://painmgmtgroup.com/2019/01/31/,gtm,https://www.googletagmanager.com/ns.html?id=GTM-KNQXQ7K
https://painmgmtgroup.com/2019/01/31/,ga4,https://www.googletagmanager.com/gtag/js?id=G-5JJ8KNE4RS
https://painmgmtgroup.com/portfolio-full-3column/page/3/,contact_form_7,wpcf7
https://painmgmtgroup.com/portfolio-full-3column/page/3/,gtm,https://www.googletagmanager.com/ns.html?id=GTM-KNQXQ7K
https://painmgmtgroup.com/portfolio-full-3column/page/3/,ga4,https://www.googletagmanager.com/gtag/js?id=G-5JJ8KNE4RS
https://painmgmtgroup.com/portfolio-full-3column/page/7/,contact_form_7,wpcf7
https://painmgmtgroup.com/portfolio-full-3column/page/7/,gtm,https://www.googletagmanager.com/ns.html?id=GTM-KNQXQ7K
https://painmgmtgroup.com/portfolio-full-3column/page/7/,ga4,https://www.googletagmanager.com/gtag/js?id=G-5JJ8KNE4RS
https://painmgmtgroup.com/2022/08/29/,contact_form_7,wpcf7
https://painmgmtgroup.com/2022/08/29/,gtm,https://www.googletagmanager.com/ns.html?id=GTM-KNQXQ7K
https://painmgmtgroup.com/2022/08/29/,ga4,https://www.googletagmanager.com/gtag/js?id=G-5JJ8KNE4RS
https://painmgmtgroup.com/2018/01/16/,contact_form_7,wpcf7
https://painmgmtgroup.com/2018/01/16/,gtm,https://www.googletagmanager.com/ns.html?id=GTM-KNQXQ7K
https://painmgmtgroup.com/2018/01/16/,ga4,https://www.googletagmanager.com/gtag/js?id=G-5JJ8KNE4RS
https://painmgmtgroup.com/2017/12/07/,contact_form_7,wpcf7
https://painmgmtgroup.com/2017/12/07/,gtm,https://www.googletagmanager.com/ns.html?id=GTM-KNQXQ7K
https://painmgmtgroup.com/2017/12/07/,ga4,https://www.googletagmanager.com/gtag/js?id=G-5JJ8KNE4RS
https://painmgmtgroup.com/portfolio-3column/page/4/,contact_form_7,wpcf7
https://painmgmtgroup.com/portfolio-3column/page/4/,gtm,https://www.googletagmanager.com/ns.html?id=GTM-KNQXQ7K
https://painmgmtgroup.com/portfolio-3column/page/4/,ga4,https://www.googletagmanager.com/gtag/js?id=G-5JJ8KNE4RS
https://painmgmtgroup.com/portfolio-3column/page/5/,contact_form_7,wpcf7
https://painmgmtgroup.com/portfolio-3column/page/5/,gtm,https://www.googletagmanager.com/ns.html?id=GTM-KNQXQ7K
https://painmgmtgroup.com/portfolio-3column/page/5/,ga4,https://www.googletagmanager.com/gtag/js?id=G-5JJ8KNE4RS
https://painmgmtgroup.com/portfolio-3column/page/6/,contact_form_7,wpcf7
https://painmgmtgroup.com/portfolio-3column/page/6/,gtm,https://www.googletagmanager.com/ns.html?id=GTM-KNQXQ7K
https://painmgmtgroup.com/portfolio-3column/page/6/,ga4,https://www.googletagmanager.com/gtag/js?id=G-5JJ8KNE4RS
https://painmgmtgroup.com/portfolio-full-3column/page/4/,contact_form_7,wpcf7
https://painmgmtgroup.com/portfolio-full-3column/page/4/,gtm,https://www.googletagmanager.com/ns.html?id=GTM-KNQXQ7K
https://painmgmtgroup.com/portfolio-full-3column/page/4/,ga4,https://www.googletagmanager.com/gtag/js?id=G-5JJ8KNE4RS
https://painmgmtgroup.com/portfolio-full-3column/page/5/,contact_form_7,wpcf7
https://painmgmtgroup.com/portfolio-full-3column/page/5/,gtm,https://www.googletagmanager.com/ns.html?id=GTM-KNQXQ7K
https://painmgmtgroup.com/portfolio-full-3column/page/5/,ga4,https://www.googletagmanager.com/gtag/js?id=G-5JJ8KNE4RS
https://painmgmtgroup.com/portfolio-full-3column/page/6/,contact_form_7,wpcf7
https://painmgmtgroup.com/portfolio-full-3column/page/6/,gtm,https://www.googletagmanager.com/ns.html?id=GTM-KNQXQ7K
https://painmgmtgroup.com/portfolio-full-3column/page/6/,ga4,https://www.googletagmanager.com/gtag/js?id=G-5JJ8KNE4RS
