path,title,indexable,in_sitemap
/blog-left-2column/,Blog Left 2Column – Pain Management Group,yes,yes
/blog-right-2column/,Blog Right 2Column – Pain Management Group,yes,yes
/blog-right-sidebar/,Blog Right Sidebar – Pain Management Group,yes,yes
/em_team/cristian-escobar/,Cristian Escobar – Pain Management Group,yes,yes
/em_team/mr-miller/,Mr Miller – Pain Management Group,yes,yes
/em_team/patrick-tomasso/,Patrick Tomasso – Pain Management Group,yes,yes
/em_team/stephen-miller/,Stephen Miller – Pain Management Group,yes,yes
/home-one-page/,Home One Page – Pain Management Group,yes,yes
/home-video-page-2/,Home Video Page – Pain Management Group,yes,yes
/portfolio-3column/,Portfolio 3Column – Pain Management Group,yes,yes
/portfolio-3column/page/2/,Portfolio 3Column – Page 2 – Pain Management Group,no,no
/portfolio-3column/page/3/,Portfolio 3Column – Page 3 – Pain Management Group,no,no
/portfolio-3column/page/4/,Portfolio 3Column – Page 4 – Pain Management Group,no,no
/portfolio-3column/page/5/,Portfolio 3Column – Page 5 – Pain Management Group,no,no
/portfolio-3column/page/6/,Portfolio 3Column – Page 6 – Pain Management Group,no,no
/portfolio-3column/page/7/,Portfolio 3Column – Page 7 – Pain Management Group,no,no
/portfolio-full-3column/,Portfolio Full 3Column – Pain Management Group,yes,yes
/portfolio-full-3column/page/2/,Portfolio Full 3Column – Page 2 – Pain Management Group,no,no
/portfolio-full-3column/page/3/,Portfolio Full 3Column – Page 3 – Pain Management Group,no,no
/portfolio-full-3column/page/4/,Portfolio Full 3Column – Page 4 – Pain Management Group,no,no
/portfolio-full-3column/page/5/,Portfolio Full 3Column – Page 5 – Pain Management Group,no,no
/portfolio-full-3column/page/6/,Portfolio Full 3Column – Page 6 – Pain Management Group,no,no
/portfolio-full-3column/page/7/,Portfolio Full 3Column – Page 7 – Pain Management Group,no,no
/portfolio/,Portfolio – Pain Management Group,yes,yes
/pricing-plan/,Pricing Plan – Pain Management Group,yes,yes
/sample-page/,Sample Page – Pain Management Group,yes,yes
/slider/slider/,slider – Pain Management Group,yes,yes
/slider/slider2-2/,slider2 – Pain Management Group,yes,yes
/slider/slider3-2/,slider3 – Pain Management Group,yes,yes
/type/gallery/,Gallery – Pain Management Group,yes,yes
