url,title,status,proposed_destination,action,redirect_to,in_sitemap,found_from,indexable,canonical,meta_robots,h1,demo_suspect,error
https://painmgmtgroup.com/,Pain Management Group – Balanced Pain Treatment Centers,200,/,keep,,yes,sitemap,yes,https://painmgmtgroup.com/,max-image-preview:large,PMG is a leading provider of,,
https://painmgmtgroup.com/2017/12/,December 2017 – Pain Management Group,200,,TBD,,no,https://painmgmtgroup.com/pmg-helping-in-houston/,yes,,max-image-preview:large,,,
https://painmgmtgroup.com/2017/12/07/,"December 7, 2017 – Pain Management Group",200,,TBD,,no,https://painmgmtgroup.com/2017/12/,yes,,max-image-preview:large,,,
https://painmgmtgroup.com/2018/01/,January 2018 – Pain Management Group,200,,TBD,,no,https://painmgmtgroup.com/pmg-helping-in-houston/,yes,,max-image-preview:large,,,
https://painmgmtgroup.com/2018/01/16/,"January 16, 2018 – Pain Management Group",200,,TBD,,no,https://painmgmtgroup.com/2018/01/,yes,,max-image-preview:large,,,
https://painmgmtgroup.com/2019/01/,January 2019 – Pain Management Group,200,,TBD,,no,https://painmgmtgroup.com/pmg-helping-in-houston/,yes,,max-image-preview:large,,,
https://painmgmtgroup.com/2019/01/31/,"January 31, 2019 – Pain Management Group",200,,TBD,,no,https://painmgmtgroup.com/2019/01/,yes,,max-image-preview:large,,,
https://painmgmtgroup.com/2022/08/,August 2022 – Pain Management Group,200,,TBD,,no,https://painmgmtgroup.com/pmg-helping-in-houston/,yes,,max-image-preview:large,,,
https://painmgmtgroup.com/2022/08/29/,"August 29, 2022 – Pain Management Group",200,,TBD,,no,https://painmgmtgroup.com/2022/08/,yes,,max-image-preview:large,,,
https://painmgmtgroup.com/about-us/,About Us – Pain Management Group,200,/about-us/,keep,,yes,sitemap,yes,https://painmgmtgroup.com/about-us/,max-image-preview:large,,,
https://painmgmtgroup.com/about/,,301,,already-redirects,https://painmgmtgroup.com/about-us/,no,https://painmgmtgroup.com/,no,,,,,
https://painmgmtgroup.com/author/pmg_admin/,pmg_admin – Pain Management Group,200,,TBD,,yes,sitemap,yes,,max-image-preview:large,,,
https://painmgmtgroup.com/blog-left-2column/,Blog Left 2Column – Pain Management Group,200,,retire,,yes,sitemap,yes,https://painmgmtgroup.com/blog-left-2column/,max-image-preview:large,,slug,
https://painmgmtgroup.com/blog-left-sidebar/,News – Pain Management Group,200,/news/,301,,yes,sitemap,yes,https://painmgmtgroup.com/blog-left-sidebar/,max-image-preview:large,,slug,
https://painmgmtgroup.com/blog-right-2column/,Blog Right 2Column – Pain Management Group,200,,retire,,yes,sitemap,yes,https://painmgmtgroup.com/blog-right-2column/,max-image-preview:large,,slug,
https://painmgmtgroup.com/blog-right-sidebar/,Blog Right Sidebar – Pain Management Group,200,,retire,,yes,sitemap,yes,https://painmgmtgroup.com/blog-right-sidebar/,max-image-preview:large,,slug,
https://painmgmtgroup.com/blog/,Blog – Pain Management Group,200,/news/,301,,yes,sitemap,yes,https://painmgmtgroup.com/blog/,max-image-preview:large,,,
https://painmgmtgroup.com/category/corporate/,Corporate – Pain Management Group,200,,TBD,,yes,sitemap,yes,,max-image-preview:large,,,
https://painmgmtgroup.com/category/stories/,Stories – Pain Management Group,200,,TBD,,yes,sitemap,yes,,max-image-preview:large,,,
https://painmgmtgroup.com/category/uncategorized/,Uncategorized – Pain Management Group,200,,TBD,,yes,sitemap,yes,,max-image-preview:large,,,
https://painmgmtgroup.com/contact,,301,,already-redirects,https://painmgmtgroup.com/contact/,no,https://painmgmtgroup.com/why-choose-us/,no,,,,,
https://painmgmtgroup.com/contact/,Contact – Pain Management Group,200,/contact/,keep,,yes,sitemap,yes,https://painmgmtgroup.com/contact/,max-image-preview:large,,,
https://painmgmtgroup.com/em_portfolios/acrmc-restorative-pain-care/,ACRMC Restorative Pain Care – Pain Management Group,200,,TBD,,yes,sitemap,yes,https://painmgmtgroup.com/em_portfolios/acrmc-restorative-pain-care/,max-image-preview:large,,,
https://painmgmtgroup.com/em_portfolios/allegan-pain-management-center/,Allegan Pain Management Center – Pain Management Group,200,,TBD,,yes,sitemap,yes,https://painmgmtgroup.com/em_portfolios/allegan-pain-management-center/,max-image-preview:large,,,
https://painmgmtgroup.com/em_portfolios/avita-pain-management-center-galion/,Avita Pain Management – Pain Management Group,200,,TBD,,yes,sitemap,yes,https://painmgmtgroup.com/em_portfolios/avita-pain-management-center-galion/,max-image-preview:large,,,
https://painmgmtgroup.com/em_portfolios/blanchard-valley-pain-management-center-findlay/,Blanchard Valley Pain Management Centers – Pain Management Group,200,,TBD,,yes,sitemap,yes,https://painmgmtgroup.com/em_portfolios/blanchard-valley-pain-management-center-findlay/,max-image-preview:large,,,
https://painmgmtgroup.com/em_portfolios/breckinridge-health-pain-management-center/,Breckinridge Health Pain Management Center – Pain Management Group,200,,TBD,,yes,sitemap,yes,https://painmgmtgroup.com/em_portfolios/breckinridge-health-pain-management-center/,max-image-preview:large,,,
https://painmgmtgroup.com/em_portfolios/clinton-pain-management-center/,Clinton Pain Management Center – Pain Management Group,200,,TBD,,yes,sitemap,yes,https://painmgmtgroup.com/em_portfolios/clinton-pain-management-center/,max-image-preview:large,,,
https://painmgmtgroup.com/em_portfolios/columbus-regional/,Columbus Regional – Pain Management Group,200,,TBD,,yes,sitemap,yes,https://painmgmtgroup.com/em_portfolios/columbus-regional/,max-image-preview:large,,,
https://painmgmtgroup.com/em_portfolios/community-hospitals-wellness-centers-pain-management-center/,Parkview Pain Management Clinic – Pain Management Group,200,,TBD,,yes,sitemap,yes,https://painmgmtgroup.com/em_portfolios/community-hospitals-wellness-centers-pain-management-center/,max-image-preview:large,,,
https://painmgmtgroup.com/em_portfolios/crystal-clinic-pain-management-center/,Crystal Clinic Pain Management Center – Pain Management Group,200,,TBD,,yes,sitemap,yes,https://painmgmtgroup.com/em_portfolios/crystal-clinic-pain-management-center/,max-image-preview:large,,,
https://painmgmtgroup.com/em_portfolios/decatur-county-memorial-pain-management-center/,Decatur County Memorial Pain Management Center – Pain Management Group,200,,TBD,,yes,sitemap,yes,https://painmgmtgroup.com/em_portfolios/decatur-county-memorial-pain-management-center/,max-image-preview:large,,,
https://painmgmtgroup.com/em_portfolios/edgerton-hospital-pain-spine-center/,Edgerton Hospital Pain & Spine Center – Pain Management Group,200,,TBD,,yes,sitemap,yes,https://painmgmtgroup.com/em_portfolios/edgerton-hospital-pain-spine-center/,max-image-preview:large,,,
https://painmgmtgroup.com/em_portfolios/edgewood-pain-management-center/,Edgewood Pain Management Center – Pain Management Group,200,,TBD,,yes,sitemap,yes,https://painmgmtgroup.com/em_portfolios/edgewood-pain-management-center/,max-image-preview:large,,,
https://painmgmtgroup.com/em_portfolios/ferrell-pain-management-center/,Ferrell Pain Management Center – Pain Management Group,200,,TBD,,yes,sitemap,yes,https://painmgmtgroup.com/em_portfolios/ferrell-pain-management-center/,max-image-preview:large,,,
https://painmgmtgroup.com/em_portfolios/fisher-titus-pain-management-center-sandusky/,Fisher-Titus Pain Management Centers – Pain Management Group,200,,TBD,,yes,sitemap,yes,https://painmgmtgroup.com/em_portfolios/fisher-titus-pain-management-center-sandusky/,max-image-preview:large,,,
https://painmgmtgroup.com/em_portfolios/hancock-pain-management/,Hancock Pain Management – Pain Management Group,200,,TBD,,yes,sitemap,yes,https://painmgmtgroup.com/em_portfolios/hancock-pain-management/,max-image-preview:large,,,
https://painmgmtgroup.com/em_portfolios/hardin-medical-center/,Hardin Medical Center – Pain Management Group,200,,TBD,,yes,sitemap,yes,https://painmgmtgroup.com/em_portfolios/hardin-medical-center/,max-image-preview:large,,,
https://painmgmtgroup.com/em_portfolios/harrison-memorial-pain-management/,Harrison Memorial Pain Management – Pain Management Group,200,,TBD,,yes,sitemap,yes,https://painmgmtgroup.com/em_portfolios/harrison-memorial-pain-management/,max-image-preview:large,,,
https://painmgmtgroup.com/em_portfolios/henry-county-pain-management-center/,Henry County Pain Management Center – Pain Management Group,200,,TBD,,yes,sitemap,yes,https://painmgmtgroup.com/em_portfolios/henry-county-pain-management-center/,max-image-preview:large,,,
https://painmgmtgroup.com/em_portfolios/houlton-regional-hospital/,Houlton Regional Hospital – Pain Management Group,200,,TBD,,yes,sitemap,yes,https://painmgmtgroup.com/em_portfolios/houlton-regional-hospital/,max-image-preview:large,,,
https://painmgmtgroup.com/em_portfolios/knox-center-for-pain-management/,Knox Center for Pain Management – Pain Management Group,200,,TBD,,yes,sitemap,yes,https://painmgmtgroup.com/em_portfolios/knox-center-for-pain-management/,max-image-preview:large,,,
https://painmgmtgroup.com/em_portfolios/madison-health-pain-management/,MADISON HEALTH PAIN MANAGEMENT – Pain Management Group,200,,TBD,,yes,sitemap,yes,https://painmgmtgroup.com/em_portfolios/madison-health-pain-management/,max-image-preview:large,,,
https://painmgmtgroup.com/em_portfolios/magruder-pain-management-center/,MAGRUDER PAIN MANAGEMENT CENTER – Pain Management Group,200,,TBD,,yes,sitemap,yes,https://painmgmtgroup.com/em_portfolios/magruder-pain-management-center/,max-image-preview:large,,,
https://painmgmtgroup.com/em_portfolios/marshall-browning/,Marshall Browning – Pain Management Group,200,,TBD,,yes,sitemap,yes,https://painmgmtgroup.com/em_portfolios/marshall-browning/,max-image-preview:large,,,
https://painmgmtgroup.com/em_portfolios/massac-hospital/,MASSAC Hospital – Pain Management Group,200,,TBD,,yes,sitemap,yes,https://painmgmtgroup.com/em_portfolios/massac-hospital/,max-image-preview:large,,,
https://painmgmtgroup.com/em_portfolios/meadowview-interventional-pain-management/,MEADOWVIEW INTERVENTIONAL PAIN MANAGEMENT – Pain Management Group,200,,TBD,,yes,sitemap,yes,https://painmgmtgroup.com/em_portfolios/meadowview-interventional-pain-management/,max-image-preview:large,,,
https://painmgmtgroup.com/em_portfolios/memorial-pain-clinic/,MEMORIAL PAIN CLINIC – Pain Management Group,200,,TBD,,yes,sitemap,yes,https://painmgmtgroup.com/em_portfolios/memorial-pain-clinic/,max-image-preview:large,,,
https://painmgmtgroup.com/em_portfolios/memorial-pain-solutions/,MEMORIAL PAIN SOLUTIONS – Pain Management Group,200,,TBD,,yes,sitemap,yes,https://painmgmtgroup.com/em_portfolios/memorial-pain-solutions/,max-image-preview:large,,,
https://painmgmtgroup.com/em_portfolios/new-day-pain-management-center/,Grand Lake PAIN MANAGEMENT CENTER – Pain Management Group,200,,TBD,,yes,sitemap,yes,https://painmgmtgroup.com/em_portfolios/new-day-pain-management-center/,max-image-preview:large,,,
https://painmgmtgroup.com/em_portfolios/northern-maine-medical-center/,Northern Maine Medical Center – Pain Management Group,200,,TBD,,yes,sitemap,yes,https://painmgmtgroup.com/em_portfolios/northern-maine-medical-center/,max-image-preview:large,,,
https://painmgmtgroup.com/em_portfolios/ohio-county-pain-care/,OHIO COUNTY PAIN CARE – Pain Management Group,200,,TBD,,yes,sitemap,yes,https://painmgmtgroup.com/em_portfolios/ohio-county-pain-care/,max-image-preview:large,,,
https://painmgmtgroup.com/em_portfolios/paulding-county-pain-management/,PAULDING COUNTY PAIN MANAGEMENT – Pain Management Group,200,,TBD,,yes,sitemap,yes,https://painmgmtgroup.com/em_portfolios/paulding-county-pain-management/,max-image-preview:large,,,
https://painmgmtgroup.com/em_portfolios/perry-county-memorial-hosplital/,Perry County Memorial Hosplital – Pain Management Group,200,,TBD,,yes,sitemap,yes,https://painmgmtgroup.com/em_portfolios/perry-county-memorial-hosplital/,max-image-preview:large,,,
https://painmgmtgroup.com/em_portfolios/putnam-county-hospital-pain-management-center/,PUTNAM COUNTY HOSPITAL PAIN MANAGEMENT CENTER – Pain Management Group,200,,TBD,,yes,sitemap,yes,https://painmgmtgroup.com/em_portfolios/putnam-county-hospital-pain-management-center/,max-image-preview:large,,,
https://painmgmtgroup.com/em_portfolios/rhea-pain-management-center/,RHEA PAIN MANAGEMENT CENTER – Pain Management Group,200,,TBD,,yes,sitemap,yes,https://painmgmtgroup.com/em_portfolios/rhea-pain-management-center/,max-image-preview:large,,,
https://painmgmtgroup.com/em_portfolios/southeastern-pain-management/,Southeastern Pain Management – Pain Management Group,200,,TBD,,yes,sitemap,yes,https://painmgmtgroup.com/em_portfolios/southeastern-pain-management/,max-image-preview:large,,,
https://painmgmtgroup.com/em_portfolios/spine-and-pain-program-at-mymichigan-medical-center-west-branch/,SPINE AND PAIN PROGRAM AT MYMICHIGAN MEDICAL CENTER – Pain Management Group,200,,TBD,,yes,sitemap,yes,https://painmgmtgroup.com/em_portfolios/spine-and-pain-program-at-mymichigan-medical-center-west-branch/,max-image-preview:large,,,
https://painmgmtgroup.com/em_portfolios/twin-lakes-pain-management-center/,TWIN LAKES PAIN MANAGEMENT CENTER – Pain Management Group,200,,TBD,,yes,sitemap,yes,https://painmgmtgroup.com/em_portfolios/twin-lakes-pain-management-center/,max-image-preview:large,,,
https://painmgmtgroup.com/em_portfolios/uh-samaritan-pain-clinic/,UH SAMARITAN PAIN CLINIC – Pain Management Group,200,,TBD,,yes,sitemap,yes,https://painmgmtgroup.com/em_portfolios/uh-samaritan-pain-clinic/,max-image-preview:large,,,
https://painmgmtgroup.com/em_portfolios/van-wert-county-pain-management-center/,VAN WERT COUNTY PAIN MANAGEMENT CENTER – Pain Management Group,200,,TBD,,yes,sitemap,yes,https://painmgmtgroup.com/em_portfolios/van-wert-county-pain-management-center/,max-image-preview:large,,,
https://painmgmtgroup.com/em_portfolios/wayne-health-pain-management/,WAYNE HEALTH PAIN MANAGEMENT – Pain Management Group,200,,TBD,,yes,sitemap,yes,https://painmgmtgroup.com/em_portfolios/wayne-health-pain-management/,max-image-preview:large,,,
https://painmgmtgroup.com/em_team/cristian-escobar/,Cristian Escobar – Pain Management Group,200,,TBD,,yes,sitemap,yes,https://painmgmtgroup.com/em_team/cristian-escobar/,max-image-preview:large,,,
https://painmgmtgroup.com/em_team/mr-miller/,Mr Miller – Pain Management Group,200,,TBD,,yes,sitemap,yes,https://painmgmtgroup.com/em_team/mr-miller/,max-image-preview:large,,,
https://painmgmtgroup.com/em_team/patrick-tomasso/,Patrick Tomasso – Pain Management Group,200,,TBD,,yes,sitemap,yes,https://painmgmtgroup.com/em_team/patrick-tomasso/,max-image-preview:large,,,
https://painmgmtgroup.com/em_team/stephen-miller/,Stephen Miller – Pain Management Group,200,,TBD,,yes,sitemap,yes,https://painmgmtgroup.com/em_team/stephen-miller/,max-image-preview:large,,,
https://painmgmtgroup.com/em_testimonial/bill-watkins/,Bill Watkins – Pain Management Group,200,,TBD,,yes,sitemap,yes,https://painmgmtgroup.com/em_testimonial/bill-watkins/,max-image-preview:large,,,
https://painmgmtgroup.com/em_testimonial/mr-maldonado/,"William Kose, MD – Pain Management Group",200,,TBD,,yes,sitemap,yes,https://painmgmtgroup.com/em_testimonial/mr-maldonado/,max-image-preview:large,,,
https://painmgmtgroup.com/em_testimonial/patrick-j-martin/,Patrick J. Martin – Pain Management Group,200,,TBD,,yes,sitemap,yes,https://painmgmtgroup.com/em_testimonial/patrick-j-martin/,max-image-preview:large,,,
https://painmgmtgroup.com/home-one-page/,Home One Page – Pain Management Group,200,,TBD,,yes,sitemap,yes,https://painmgmtgroup.com/home-one-page/,max-image-preview:large,Family Care Hospital,,
https://painmgmtgroup.com/home-video-page-2/,Home Video Page – Pain Management Group,200,,TBD,,yes,sitemap,yes,https://painmgmtgroup.com/home-video-page-2/,max-image-preview:large,DentiCare,,
https://painmgmtgroup.com/internal-team-opportunities/,Internal Team Opportunities – Pain Management Group,200,,retire,,yes,sitemap,yes,https://painmgmtgroup.com/internal-team-opportunities/,max-image-preview:large,,lorem,
https://painmgmtgroup.com/our-clients/,Our Clients – Pain Management Group,200,,TBD,,yes,sitemap,yes,https://painmgmtgroup.com/our-clients/,max-image-preview:large,,,
https://painmgmtgroup.com/our-partners,,301,,already-redirects,https://painmgmtgroup.com/our-partners/,no,https://painmgmtgroup.com/contact/,no,,,,,
https://painmgmtgroup.com/our-partners/,Our Partners – Pain Management Group,200,/our-partners/,keep,,yes,sitemap,yes,https://painmgmtgroup.com/our-partners/,max-image-preview:large,,,
https://painmgmtgroup.com/pain-education/,Pain Education – Pain Management Group,200,/pain-education/,keep,,yes,sitemap,yes,https://painmgmtgroup.com/pain-education/,max-image-preview:large,,,
https://painmgmtgroup.com/pain-education/basivertebral-nerve-ablation-bvn/,Basivertebral Nerve Ablation (BVN) – Pain Management Group,200,/pain-education/basivertebral-nerve-ablation-bvn/,keep,,yes,sitemap,yes,https://painmgmtgroup.com/pain-education/basivertebral-nerve-ablation-bvn/,max-image-preview:large,,,
https://painmgmtgroup.com/pain-education/botox-injections-for-chronic-migraine/,BOTOX® Injections for Chronic Migraine – Pain Management Group,200,/pain-education/botox-injections-for-chronic-migraine/,keep,,yes,sitemap,yes,https://painmgmtgroup.com/pain-education/botox-injections-for-chronic-migraine/,max-image-preview:large,,,
https://painmgmtgroup.com/pain-education/bursitis-of-the-hip-trochanteric-bursitis/,Bursitis of the Hip (Trochanteric Bursitis) – Pain Management Group,200,/pain-education/bursitis-of-the-hip-trochanteric-bursitis/,keep,,yes,sitemap,yes,https://painmgmtgroup.com/pain-education/bursitis-of-the-hip-trochanteric-bursitis/,max-image-preview:large,,,
https://painmgmtgroup.com/pain-education/caudal-epidural-steroid-injection/,Caudal Epidural Steroid Injection – Pain Management Group,200,/pain-education/caudal-epidural-steroid-injection/,keep,,yes,sitemap,yes,https://painmgmtgroup.com/pain-education/caudal-epidural-steroid-injection/,max-image-preview:large,,,
https://painmgmtgroup.com/pain-education/cervical-epidural-steroid-injection/,Cervical Epidural Steroid Injection – Pain Management Group,200,/pain-education/cervical-epidural-steroid-injection/,keep,,yes,sitemap,yes,https://painmgmtgroup.com/pain-education/cervical-epidural-steroid-injection/,max-image-preview:large,,,
https://painmgmtgroup.com/pain-education/cervical-facet-radiofrequency-neurotomy/,Cervical Facet Radiofrequency Neurotomy – Pain Management Group,200,/pain-education/cervical-facet-radiofrequency-neurotomy/,keep,,yes,sitemap,yes,https://painmgmtgroup.com/pain-education/cervical-facet-radiofrequency-neurotomy/,max-image-preview:large,,,
https://painmgmtgroup.com/pain-education/cervical-radiculopathy/,Cervical Radiculopathy – Pain Management Group,200,/pain-education/cervical-radiculopathy/,keep,,yes,sitemap,yes,https://painmgmtgroup.com/pain-education/cervical-radiculopathy/,max-image-preview:large,,,
https://painmgmtgroup.com/pain-education/cervical-transforaminal-epidural-steroid-injection/,Cervical Transforaminal Epidural Steroid Injection – Pain Management Group,200,/pain-education/cervical-transforaminal-epidural-steroid-injection/,keep,,yes,sitemap,yes,https://painmgmtgroup.com/pain-education/cervical-transforaminal-epidural-steroid-injection/,max-image-preview:large,,,
https://painmgmtgroup.com/pain-education/complex-regional-pain-syndrome-crps/,Complex Regional Pain Syndrome (CRPS) – Pain Management Group,200,/pain-education/complex-regional-pain-syndrome-crps/,keep,,yes,sitemap,yes,https://painmgmtgroup.com/pain-education/complex-regional-pain-syndrome-crps/,max-image-preview:large,,,
https://painmgmtgroup.com/pain-education/genicular-nerve-ablation-rf-neurotomy/,Genicular Nerve Ablation (RF Neurotomy) – Pain Management Group,200,/pain-education/genicular-nerve-ablation-rf-neurotomy/,keep,,yes,sitemap,yes,https://painmgmtgroup.com/pain-education/genicular-nerve-ablation-rf-neurotomy/,max-image-preview:large,,,
https://painmgmtgroup.com/pain-education/genicular-nerve-ablation/,,301,,already-redirects,https://painmgmtgroup.com/pain-education/genicular-nerve-ablation-rf-neurotomy/,no,https://painmgmtgroup.com/pain-education/,no,,,,,
https://painmgmtgroup.com/pain-education/joint-injection/,Hip Joint Injection – Pain Management Group,200,/pain-education/joint-injection/,keep,,yes,sitemap,yes,https://painmgmtgroup.com/pain-education/joint-injection/,max-image-preview:large,,,
https://painmgmtgroup.com/pain-education/lumbar-epidural-steroid-injection/,Lumbar Epidural Steroid Injection – Pain Management Group,200,/pain-education/lumbar-epidural-steroid-injection/,keep,,yes,sitemap,yes,https://painmgmtgroup.com/pain-education/lumbar-epidural-steroid-injection/,max-image-preview:large,,,
https://painmgmtgroup.com/pain-education/lumbar-radiculopathy-sciatica/,Lumbar Radiculopathy (Sciatica) – Pain Management Group,200,/pain-education/lumbar-radiculopathy-sciatica/,keep,,yes,sitemap,yes,https://painmgmtgroup.com/pain-education/lumbar-radiculopathy-sciatica/,max-image-preview:large,,,
https://painmgmtgroup.com/pain-education/lumbar-sympathetic-block/,Lumbar Sympathetic Block – Pain Management Group,200,/pain-education/lumbar-sympathetic-block/,keep,,yes,sitemap,yes,https://painmgmtgroup.com/pain-education/lumbar-sympathetic-block/,max-image-preview:large,,,
https://painmgmtgroup.com/pain-education/lumbar-transforaminal-epidural-steroid-injection/,Lumbar Transforaminal Epidural Steroid Injection – Pain Management Group,200,/pain-education/lumbar-transforaminal-epidural-steroid-injection/,keep,,yes,sitemap,yes,https://painmgmtgroup.com/pain-education/lumbar-transforaminal-epidural-steroid-injection/,max-image-preview:large,,,
https://painmgmtgroup.com/pain-education/medial-branch-block/,Medial Branch Block – Pain Management Group,200,/pain-education/medial-branch-block/,keep,,yes,sitemap,yes,https://painmgmtgroup.com/pain-education/medial-branch-block/,max-image-preview:large,,,
https://painmgmtgroup.com/pain-education/mild-procedure-vertos-medical/,Mild® Procedure (Vertos Medical) – Pain Management Group,200,/pain-education/mild-procedure-vertos-medical/,keep,,yes,sitemap,yes,https://painmgmtgroup.com/pain-education/mild-procedure-vertos-medical/,max-image-preview:large,,,
https://painmgmtgroup.com/pain-education/opioid-misuse/,Opioid Misuse – Pain Management Group,200,/pain-education/opioid-misuse/,keep,,yes,sitemap,yes,https://painmgmtgroup.com/pain-education/opioid-misuse/,max-image-preview:large,,,
https://painmgmtgroup.com/pain-education/opioids-and-chronic-pain-management/,Opioids and Chronic Pain Management – Pain Management Group,200,/pain-education/opioids-and-chronic-pain-management/,keep,,yes,sitemap,yes,https://painmgmtgroup.com/pain-education/opioids-and-chronic-pain-management/,max-image-preview:large,,,
https://painmgmtgroup.com/pain-education/post-laminectomy-syndrome/,Post-Laminectomy Syndrome – Pain Management Group,200,/pain-education/post-laminectomy-syndrome/,keep,,yes,sitemap,yes,https://painmgmtgroup.com/pain-education/post-laminectomy-syndrome/,max-image-preview:large,,,
https://painmgmtgroup.com/pain-education/radiofrequency-ablation-rfa-for-pain/,Radiofrequency Ablation (RFA) for Pain – Pain Management Group,200,/pain-education/radiofrequency-ablation-rfa-for-pain/,keep,,yes,sitemap,yes,https://painmgmtgroup.com/pain-education/radiofrequency-ablation-rfa-for-pain/,max-image-preview:large,,,
https://painmgmtgroup.com/pain-education/radiofrequency-neurotomy-of-the-lumbar-facets/,Radiofrequency Neurotomy of the Lumbar Facets – Pain Management Group,200,/pain-education/radiofrequency-neurotomy-of-the-lumbar-facets/,keep,,yes,sitemap,yes,https://painmgmtgroup.com/pain-education/radiofrequency-neurotomy-of-the-lumbar-facets/,max-image-preview:large,,,
https://painmgmtgroup.com/pain-education/radiofrequency-neurotomy-of-the-thoracic-facets/,Radiofrequency Neurotomy of the Thoracic Facets – Pain Management Group,200,/pain-education/radiofrequency-neurotomy-of-the-thoracic-facets/,keep,,yes,sitemap,yes,https://painmgmtgroup.com/pain-education/radiofrequency-neurotomy-of-the-thoracic-facets/,max-image-preview:large,,,
https://painmgmtgroup.com/pain-education/sacroiliac-joint-steroid-injection/,Sacroiliac Joint Steroid Injection – Pain Management Group,200,/pain-education/sacroiliac-joint-steroid-injection/,keep,,yes,sitemap,yes,https://painmgmtgroup.com/pain-education/sacroiliac-joint-steroid-injection/,max-image-preview:large,,,
https://painmgmtgroup.com/pain-education/side-effects-of-long-term-opioid-use/,Side Effects of Long-Term Opioid Use – Pain Management Group,200,/pain-education/side-effects-of-long-term-opioid-use/,keep,,yes,sitemap,yes,https://painmgmtgroup.com/pain-education/side-effects-of-long-term-opioid-use/,max-image-preview:large,,,
https://painmgmtgroup.com/pain-education/soft-tissue-injection/,Steroid Injection for Shoulder Bursitis – Pain Management Group,200,/pain-education/soft-tissue-injection/,keep,,yes,sitemap,yes,https://painmgmtgroup.com/pain-education/soft-tissue-injection/,max-image-preview:large,,,
https://painmgmtgroup.com/pain-education/spinal-cord-stimulator-implant-trial-procedure/,Spinal Cord Stimulator Implant (Trial Procedure) – Pain Management Group,200,/pain-education/spinal-cord-stimulator-implant-trial-procedure/,keep,,yes,sitemap,yes,https://painmgmtgroup.com/pain-education/spinal-cord-stimulator-implant-trial-procedure/,max-image-preview:large,,,
https://painmgmtgroup.com/pain-education/spinal-cord-stimulator-implant/,Spinal Cord Stimulator Implant – Pain Management Group,200,/pain-education/spinal-cord-stimulator-implant/,keep,,yes,sitemap,yes,https://painmgmtgroup.com/pain-education/spinal-cord-stimulator-implant/,max-image-preview:large,,,
https://painmgmtgroup.com/pain-education/spinal-stenosis/,Spinal Stenosis – Pain Management Group,200,/pain-education/spinal-stenosis/,keep,,yes,sitemap,yes,https://painmgmtgroup.com/pain-education/spinal-stenosis/,max-image-preview:large,,,
https://painmgmtgroup.com/pain-education/spondylosis/,Spondylosis – Pain Management Group,200,/pain-education/spondylosis/,keep,,yes,sitemap,yes,https://painmgmtgroup.com/pain-education/spondylosis/,max-image-preview:large,,,
https://painmgmtgroup.com/pain-education/stellate-ganglion-block/,Stellate Ganglion Block – Pain Management Group,200,/pain-education/stellate-ganglion-block/,keep,,yes,sitemap,yes,https://painmgmtgroup.com/pain-education/stellate-ganglion-block/,max-image-preview:large,,,
https://painmgmtgroup.com/pain-education/superion-interspinous-spacer-vertiflex/,Superion® InterSpinous Spacer (Vertiflex) – Pain Management Group,200,/pain-education/superion-interspinous-spacer-vertiflex/,keep,,yes,sitemap,yes,https://painmgmtgroup.com/pain-education/superion-interspinous-spacer-vertiflex/,max-image-preview:large,,,
https://painmgmtgroup.com/pain-education/tapering-opioid-use-safely/,Tapering Opioid Use Safely – Pain Management Group,200,/pain-education/tapering-opioid-use-safely/,keep,,yes,sitemap,yes,https://painmgmtgroup.com/pain-education/tapering-opioid-use-safely/,max-image-preview:large,,,
https://painmgmtgroup.com/pain-education/thoracic-epidural-steroid-injection/,Thoracic Epidural Steroid Injection – Pain Management Group,200,/pain-education/thoracic-epidural-steroid-injection/,keep,,yes,sitemap,yes,https://painmgmtgroup.com/pain-education/thoracic-epidural-steroid-injection/,max-image-preview:large,,,
https://painmgmtgroup.com/pain-education/thoracic-transforaminal-epidural-steroid-injection/,Thoracic Transforaminal Epidural Steroid Injection – Pain Management Group,200,/pain-education/thoracic-transforaminal-epidural-steroid-injection/,keep,,yes,sitemap,yes,https://painmgmtgroup.com/pain-education/thoracic-transforaminal-epidural-steroid-injection/,max-image-preview:large,,,
https://painmgmtgroup.com/pain-education/trigger-point-injections/,Trigger Point Injections – Pain Management Group,200,/pain-education/trigger-point-injections/,keep,,yes,sitemap,yes,https://painmgmtgroup.com/pain-education/trigger-point-injections/,max-image-preview:large,,,
https://painmgmtgroup.com/pain-management-group-receives-spirit-award-from-the-partnership-for-excellence/,Pain Management Group Receives ‘Spirit Award’ From The Partnership For Excellence – Pain Management Group,200,,TBD,,yes,sitemap,yes,https://painmgmtgroup.com/pain-management-group-receives-spirit-award-from-the-partnership-for-excellence/,max-image-preview:large,,,
https://painmgmtgroup.com/pain-management-group-receives-the-partnership-for-excellence-silver-award-2022/,Pain Management Group Receives The Partnership For Excellence Silver Award 2022 – Pain Management Group,200,,TBD,,yes,sitemap,yes,https://painmgmtgroup.com/pain-management-group-receives-the-partnership-for-excellence-silver-award-2022/,max-image-preview:large,,,
https://painmgmtgroup.com/pmg-helping-in-houston/,PMG Helping In Houston – Pain Management Group,200,,TBD,,yes,sitemap,yes,https://painmgmtgroup.com/pmg-helping-in-houston/,max-image-preview:large,,,
https://painmgmtgroup.com/portfolio-3column/,Portfolio 3Column – Pain Management Group,200,,retire,,yes,sitemap,yes,https://painmgmtgroup.com/portfolio-3column/,max-image-preview:large,,slug,
https://painmgmtgroup.com/portfolio-3column/page/2/,Portfolio 3Column – Page 2 – Pain Management Group,200,,retire,,no,https://painmgmtgroup.com/portfolio-3column/,no,https://painmgmtgroup.com/portfolio-3column/,max-image-preview:large,,slug,
https://painmgmtgroup.com/portfolio-3column/page/3/,Portfolio 3Column – Page 3 – Pain Management Group,200,,retire,,no,https://painmgmtgroup.com/portfolio-3column/,no,https://painmgmtgroup.com/portfolio-3column/,max-image-preview:large,,slug,
https://painmgmtgroup.com/portfolio-3column/page/4/,Portfolio 3Column – Page 4 – Pain Management Group,200,,retire,,no,https://painmgmtgroup.com/portfolio-3column/page/2/,no,https://painmgmtgroup.com/portfolio-3column/,max-image-preview:large,,slug,
https://painmgmtgroup.com/portfolio-3column/page/5/,Portfolio 3Column – Page 5 – Pain Management Group,200,,retire,,no,https://painmgmtgroup.com/portfolio-3column/page/3/,no,https://painmgmtgroup.com/portfolio-3column/,max-image-preview:large,,slug,
https://painmgmtgroup.com/portfolio-3column/page/6/,Portfolio 3Column – Page 6 – Pain Management Group,200,,retire,,no,https://painmgmtgroup.com/portfolio-3column/page/7/,no,https://painmgmtgroup.com/portfolio-3column/,max-image-preview:large,,slug,
https://painmgmtgroup.com/portfolio-3column/page/7/,Portfolio 3Column – Page 7 – Pain Management Group,200,,retire,,no,https://painmgmtgroup.com/portfolio-3column/,no,https://painmgmtgroup.com/portfolio-3column/,max-image-preview:large,,slug,
https://painmgmtgroup.com/portfolio-full-3column/,Portfolio Full 3Column – Pain Management Group,200,,retire,,yes,sitemap,yes,https://painmgmtgroup.com/portfolio-full-3column/,max-image-preview:large,,slug,
https://painmgmtgroup.com/portfolio-full-3column/page/2/,Portfolio Full 3Column – Page 2 – Pain Management Group,200,,retire,,no,https://painmgmtgroup.com/portfolio-full-3column/,no,https://painmgmtgroup.com/portfolio-full-3column/,max-image-preview:large,,slug,
https://painmgmtgroup.com/portfolio-full-3column/page/3/,Portfolio Full 3Column – Page 3 – Pain Management Group,200,,retire,,no,https://painmgmtgroup.com/portfolio-full-3column/,no,https://painmgmtgroup.com/portfolio-full-3column/,max-image-preview:large,,slug,
https://painmgmtgroup.com/portfolio-full-3column/page/4/,Portfolio Full 3Column – Page 4 – Pain Management Group,200,,retire,,no,https://painmgmtgroup.com/portfolio-full-3column/page/2/,no,https://painmgmtgroup.com/portfolio-full-3column/,max-image-preview:large,,slug,
https://painmgmtgroup.com/portfolio-full-3column/page/5/,Portfolio Full 3Column – Page 5 – Pain Management Group,200,,retire,,no,https://painmgmtgroup.com/portfolio-full-3column/page/3/,no,https://painmgmtgroup.com/portfolio-full-3column/,max-image-preview:large,,slug,
https://painmgmtgroup.com/portfolio-full-3column/page/6/,Portfolio Full 3Column – Page 6 – Pain Management Group,200,,retire,,no,https://painmgmtgroup.com/portfolio-full-3column/page/7/,no,https://painmgmtgroup.com/portfolio-full-3column/,max-image-preview:large,,slug,
https://painmgmtgroup.com/portfolio-full-3column/page/7/,Portfolio Full 3Column – Page 7 – Pain Management Group,200,,retire,,no,https://painmgmtgroup.com/portfolio-full-3column/,no,https://painmgmtgroup.com/portfolio-full-3column/,max-image-preview:large,,slug,
https://painmgmtgroup.com/portfolio/,Portfolio – Pain Management Group,200,,retire,,yes,sitemap,yes,https://painmgmtgroup.com/portfolio/,max-image-preview:large,,slug+lorem,
https://painmgmtgroup.com/pricing-plan/,Pricing Plan – Pain Management Group,200,,retire,,yes,sitemap,yes,https://painmgmtgroup.com/pricing-plan/,max-image-preview:large,,slug,
https://painmgmtgroup.com/provider-opportunities/,Provider Opportunities – Pain Management Group,200,/providers/,301,,yes,sitemap,yes,https://painmgmtgroup.com/provider-opportunities/,max-image-preview:large,,lorem,
https://painmgmtgroup.com/sample-page/,Sample Page – Pain Management Group,200,,retire,,yes,sitemap,yes,https://painmgmtgroup.com/sample-page/,max-image-preview:large,,slug,
https://painmgmtgroup.com/service/,Careers – Pain Management Group,200,/providers/,301,,yes,sitemap,yes,https://painmgmtgroup.com/service/,max-image-preview:large,,,
https://painmgmtgroup.com/slider/slider/,slider – Pain Management Group,200,,TBD,,yes,sitemap,yes,https://painmgmtgroup.com/slider/slider/,max-image-preview:large,,,
https://painmgmtgroup.com/slider/slider2-2/,slider2 – Pain Management Group,200,,TBD,,yes,sitemap,yes,https://painmgmtgroup.com/slider/slider2-2/,max-image-preview:large,,,
https://painmgmtgroup.com/slider/slider3-2/,slider3 – Pain Management Group,200,,TBD,,yes,sitemap,yes,https://painmgmtgroup.com/slider/slider3-2/,max-image-preview:large,,,
https://painmgmtgroup.com/thank-you-for-paying-it-forward/,Thank You For Paying It Forward – Pain Management Group,200,,TBD,,yes,sitemap,yes,https://painmgmtgroup.com/thank-you-for-paying-it-forward/,max-image-preview:large,,,
https://painmgmtgroup.com/type/gallery/,Gallery – Pain Management Group,200,,retire,,yes,sitemap,yes,,max-image-preview:large,,slug,
https://painmgmtgroup.com/why-choose-us,,301,,already-redirects,https://painmgmtgroup.com/why-choose-us/,no,https://painmgmtgroup.com/,no,,,,,
https://painmgmtgroup.com/why-choose-us/,Why Choose Us – Pain Management Group,200,/partnership/how-it-works/,301,,yes,sitemap,yes,https://painmgmtgroup.com/why-choose-us/,max-image-preview:large,,,
